,names,DominantPollutant,aqi,PM10,dew,humidity,NO2,PM2,SO2,CO,O3,URL,Latitude,Longitude,datetime,ptu_id_1,ptu_id_2,ptu_id_3,ptu_id_4,ptu_id_5,ptu_id_6,label_1,label_2,label_3,label_4,label_5,label_6,ptu_ids,sample_values,ptu_labels
0,Abidjan,pm25,61,0,27.0,88.0,0.0,61,0.0,0.0,0.0,https://api.waqi.info/feed/Abidjan/?token=330b2f010aadba2c5d5e19fce8cbb8872682fa6c,5.36,-4.0083,2020-04-15 23:00:00,100,101,102,103,104,105,"""CO""","""NO2""","""O3""","""PM10""","""PM25""","""SO2""","[100,101,102,103,104,105]","[0.0,0.0,0.0,0,61,0.0]","[""CO"",""NO2"",""O3"",""PM10"",""PM25"",""SO2""]"
1,ACCRA,pm25,68,0,25.0,74.0,0.0,68,0.0,0.0,0.0,https://api.waqi.info/feed/ACCRA/?token=330b2f010aadba2c5d5e19fce8cbb8872682fa6c,5.580642,-0.170724,2020-04-15 23:00:00,100,101,102,103,104,105,"""CO""","""NO2""","""O3""","""PM10""","""PM25""","""SO2""","[100,101,102,103,104,105]","[0.0,0.0,0.0,0,68,0.0]","[""CO"",""NO2"",""O3"",""PM10"",""PM25"",""SO2""]"
2,Adana,pm10,20,20,13.0,53.0,16.0,0,6.5,1.2,16.1,https://api.waqi.info/feed/Adana/?token=330b2f010aadba2c5d5e19fce8cbb8872682fa6c,37.0040545100691,35.3440100793125,2020-04-15 10:00:00,100,101,102,103,104,105,"""CO""","""NO2""","""O3""","""PM10""","""PM25""","""SO2""","[100,101,102,103,104,105]","[1.2,16.0,16.1,20,0,6.5]","[""CO"",""NO2"",""O3"",""PM10"",""PM25"",""SO2""]"
3,ADDIS ABABA,pm25,61,0,10.0,43.0,0.0,61,0.0,0.0,0.0,https://api.waqi.info/feed/ADDIS%20ABABA/?token=330b2f010aadba2c5d5e19fce8cbb8872682fa6c,9.058498,38.761642,2020-04-16 02:00:00,100,101,102,103,104,105,"""CO""","""NO2""","""O3""","""PM10""","""PM25""","""SO2""","[100,101,102,103,104,105]","[0.0,0.0,0.0,0,61,0.0]","[""CO"",""NO2"",""O3"",""PM10"",""PM25"",""SO2""]"
4,Adelaide,pm25,30,17,0.0,63.5,6.0,30,0.0,2.3,0.0,https://api.waqi.info/feed/Adelaide/?token=330b2f010aadba2c5d5e19fce8cbb8872682fa6c,-34.929051,138.601092,2020-04-16 08:00:00,100,101,102,103,104,105,"""CO""","""NO2""","""O3""","""PM10""","""PM25""","""SO2""","[100,101,102,103,104,105]","[2.3,6.0,0.0,17,30,0.0]","[""CO"",""NO2"",""O3"",""PM10"",""PM25"",""SO2""]"
5,Agra,so2,11,0,24.8,43.0,23.0,144,10.8,0.0,3.2,https://api.waqi.info/feed/Agra/?token=330b2f010aadba2c5d5e19fce8cbb8872682fa6c,27.19865833,78.00598056,2020-04-16 05:00:00,100,101,102,103,104,105,"""CO""","""NO2""","""O3""","""PM10""","""PM25""","""SO2""","[100,101,102,103,104,105]","[0.0,23.0,3.2,0,144,10.8]","[""CO"",""NO2"",""O3"",""PM10"",""PM25"",""SO2""]"
6,Ahmadabad,pm25,130,63,14.0,34.429,9.8,130,14.0,2.0,7.2,https://api.waqi.info/feed/Ahmadabad/?token=330b2f010aadba2c5d5e19fce8cbb8872682fa6c,22.9987886,72.6029661,2020-04-16 04:00:00,100,101,102,103,104,105,"""CO""","""NO2""","""O3""","""PM10""","""PM25""","""SO2""","[100,101,102,103,104,105]","[2.0,9.8,7.2,63,130,14.0]","[""CO"",""NO2"",""O3"",""PM10"",""PM25"",""SO2""]"
7,Alexandria,pm25,24,0,-6.0,29.0,1.1,24,0.1,0.1,19.1,https://api.waqi.info/feed/Alexandria/?token=330b2f010aadba2c5d5e19fce8cbb8872682fa6c,38.8577,-77.05922,2020-04-15 18:00:00,100,101,102,103,104,105,"""CO""","""NO2""","""O3""","""PM10""","""PM25""","""SO2""","[100,101,102,103,104,105]","[0.1,1.1,19.1,0,24,0.1]","[""CO"",""NO2"",""O3"",""PM10"",""PM25"",""SO2""]"
8,ALGIERS,pm25,63,0,14.0,87.0,0.0,63,0.0,0.0,0.0,https://api.waqi.info/feed/ALGIERS/?token=330b2f010aadba2c5d5e19fce8cbb8872682fa6c,36.7558,3.039114,2020-04-16 00:00:00,100,101,102,103,104,105,"""CO""","""NO2""","""O3""","""PM10""","""PM25""","""SO2""","[100,101,102,103,104,105]","[0.0,0.0,0.0,0,63,0.0]","[""CO"",""NO2"",""O3"",""PM10"",""PM25"",""SO2""]"
9,ALMATY,pm25,99,0,5.0,100.0,0.0,99,0.0,0.0,0.0,https://api.waqi.info/feed/ALMATY/?token=330b2f010aadba2c5d5e19fce8cbb8872682fa6c,43.222,76.851,2020-04-16 05:00:00,100,101,102,103,104,105,"""CO""","""NO2""","""O3""","""PM10""","""PM25""","""SO2""","[100,101,102,103,104,105]","[0.0,0.0,0.0,0,99,0.0]","[""CO"",""NO2"",""O3"",""PM10"",""PM25"",""SO2""]"
10,AMMAN,pm10,20,20,9.0,67.0,5.4,0,1.6,0.0,0.0,https://api.waqi.info/feed/AMMAN/?token=330b2f010aadba2c5d5e19fce8cbb8872682fa6c,31.93544,35.94458,2020-04-16 00:00:00,100,101,102,103,104,105,"""CO""","""NO2""","""O3""","""PM10""","""PM25""","""SO2""","[100,101,102,103,104,105]","[0.0,5.4,0.0,20,0,1.6]","[""CO"",""NO2"",""O3"",""PM10"",""PM25"",""SO2""]"
11,Amritsar,pm25,71,40,17.0,65.57,5.9,71,4.2,6.5,10.2,https://api.waqi.info/feed/Amritsar/?token=330b2f010aadba2c5d5e19fce8cbb8872682fa6c,31.6199803,74.8764849,2020-04-16 05:00:00,100,101,102,103,104,105,"""CO""","""NO2""","""O3""","""PM10""","""PM25""","""SO2""","[100,101,102,103,104,105]","[6.5,5.9,10.2,40,71,4.2]","[""CO"",""NO2"",""O3"",""PM10"",""PM25"",""SO2""]"
12,ANKARA,pm25,81,52,0.0,0.0,14.4,81,2.6,4.9,11.4,https://api.waqi.info/feed/ANKARA/?token=330b2f010aadba2c5d5e19fce8cbb8872682fa6c,39.92727454762165,32.85941127954306,2020-04-16 01:00:00,100,101,102,103,104,105,"""CO""","""NO2""","""O3""","""PM10""","""PM25""","""SO2""","[100,101,102,103,104,105]","[4.9,14.4,11.4,52,81,2.6]","[""CO"",""NO2"",""O3"",""PM10"",""PM25"",""SO2""]"
13,Anshan,pm25,157,85,0.0,37.0,9.2,157,8.2,7.3,89.7,https://api.waqi.info/feed/Anshan/?token=330b2f010aadba2c5d5e19fce8cbb8872682fa6c,41.108546,122.994646,2020-04-16 07:00:00,100,101,102,103,104,105,"""CO""","""NO2""","""O3""","""PM10""","""PM25""","""SO2""","[100,101,102,103,104,105]","[7.3,9.2,89.7,85,157,8.2]","[""CO"",""NO2"",""O3"",""PM10"",""PM25"",""SO2""]"
14,BAGHDAD,pm25,63,0,4.0,34.0,0.0,63,0.0,0.0,0.0,https://api.waqi.info/feed/BAGHDAD/?token=330b2f010aadba2c5d5e19fce8cbb8872682fa6c,33.3128,44.3615,2020-04-16 02:00:00,100,101,102,103,104,105,"""CO""","""NO2""","""O3""","""PM10""","""PM25""","""SO2""","[100,101,102,103,104,105]","[0.0,0.0,0.0,0,63,0.0]","[""CO"",""NO2"",""O3"",""PM10"",""PM25"",""SO2""]"
15,Bangalore,pm25,91,41,9.5,26.666666666666668,0.6,91,5.5,11.0,33.7,https://api.waqi.info/feed/Bangalore/?token=330b2f010aadba2c5d5e19fce8cbb8872682fa6c,12.938539,77.5901,2020-04-12 15:00:00,100,101,102,103,104,105,"""CO""","""NO2""","""O3""","""PM10""","""PM25""","""SO2""","[100,101,102,103,104,105]","[11.0,0.6,33.7,41,91,5.5]","[""CO"",""NO2"",""O3"",""PM10"",""PM25"",""SO2""]"
16,BANGKOK,pm25,72,25,0.0,86.0,8.1,72,1.1,0.1,11.9,https://api.waqi.info/feed/BANGKOK/?token=330b2f010aadba2c5d5e19fce8cbb8872682fa6c,13.7563309,100.5017651,2020-04-16 06:00:00,100,101,102,103,104,105,"""CO""","""NO2""","""O3""","""PM10""","""PM25""","""SO2""","[100,101,102,103,104,105]","[0.1,8.1,11.9,25,72,1.1]","[""CO"",""NO2"",""O3"",""PM10"",""PM25"",""SO2""]"
17,Baotou,pm10,165,165,0.0,46.2,7.4,152,3.6,5.5,32.5,https://api.waqi.info/feed/Baotou/?token=330b2f010aadba2c5d5e19fce8cbb8872682fa6c,40.657449,109.840347,2020-04-16 08:00:00,100,101,102,103,104,105,"""CO""","""NO2""","""O3""","""PM10""","""PM25""","""SO2""","[100,101,102,103,104,105]","[5.5,7.4,32.5,165,152,3.6]","[""CO"",""NO2"",""O3"",""PM10"",""PM25"",""SO2""]"
18,Barcelona,o3,33,22,0.0,84.3,4.2,0,0.6,0.1,32.5,https://api.waqi.info/feed/Barcelona/?token=330b2f010aadba2c5d5e19fce8cbb8872682fa6c,41.38534,2.153822,2020-04-16 01:00:00,100,101,102,103,104,105,"""CO""","""NO2""","""O3""","""PM10""","""PM25""","""SO2""","[100,101,102,103,104,105]","[0.1,4.2,32.5,22,0,0.6]","[""CO"",""NO2"",""O3"",""PM10"",""PM25"",""SO2""]"
19,BEIJING,pm25,25,64,0.0,71.0,4.2,25,0.6,3.7,31.7,https://api.waqi.info/feed/BEIJING/?token=330b2f010aadba2c5d5e19fce8cbb8872682fa6c,39.954592,116.468117,2020-04-16 08:00:00,100,101,102,103,104,105,"""CO""","""NO2""","""O3""","""PM10""","""PM25""","""SO2""","[100,101,102,103,104,105]","[3.7,4.2,31.7,64,25,0.6]","[""CO"",""NO2"",""O3"",""PM10"",""PM25"",""SO2""]"
20,Belem,pm25,69,40,0.0,66.0,10.8,69,0.0,4.5,0.0,https://api.waqi.info/feed/Belem/?token=330b2f010aadba2c5d5e19fce8cbb8872682fa6c,31.768319,35.21371,2020-04-16 01:00:00,100,101,102,103,104,105,"""CO""","""NO2""","""O3""","""PM10""","""PM25""","""SO2""","[100,101,102,103,104,105]","[4.5,10.8,0.0,40,69,0.0]","[""CO"",""NO2"",""O3"",""PM10"",""PM25"",""SO2""]"
21,BELGRADE,pm25,107,27,0.0,65.0,10.4,107,2.6,8.5,0.0,https://api.waqi.info/feed/BELGRADE/?token=330b2f010aadba2c5d5e19fce8cbb8872682fa6c,44.79880556,20.450305555556,2020-04-16 00:00:00,100,101,102,103,104,105,"""CO""","""NO2""","""O3""","""PM10""","""PM25""","""SO2""","[100,101,102,103,104,105]","[8.5,10.4,0.0,27,107,2.6]","[""CO"",""NO2"",""O3"",""PM10"",""PM25"",""SO2""]"
22,BERLIN,pm10,35,35,0.0,52.3,18.3,0,0.0,0.0,27.7,https://api.waqi.info/feed/BERLIN/?token=330b2f010aadba2c5d5e19fce8cbb8872682fa6c,52.5200066,13.404954,2020-04-16 01:00:00,100,101,102,103,104,105,"""CO""","""NO2""","""O3""","""PM10""","""PM25""","""SO2""","[100,101,102,103,104,105]","[0.0,18.3,27.7,35,0,0.0]","[""CO"",""NO2"",""O3"",""PM10"",""PM25"",""SO2""]"
23,Bhopal,pm25,171,95,14.0,38.666666666666664,9.2,171,8.5,11.6,1.5,https://api.waqi.info/feed/Bhopal/?token=330b2f010aadba2c5d5e19fce8cbb8872682fa6c,23.233584,77.400574,2020-04-16 05:00:00,100,101,102,103,104,105,"""CO""","""NO2""","""O3""","""PM10""","""PM25""","""SO2""","[100,101,102,103,104,105]","[11.6,9.2,1.5,95,171,8.5]","[""CO"",""NO2"",""O3"",""PM10"",""PM25"",""SO2""]"
24,Birmingham,pm25,115,49,0.0,63.6,27.3,115,0.0,0.0,3.7,https://api.waqi.info/feed/Birmingham/?token=330b2f010aadba2c5d5e19fce8cbb8872682fa6c,52.486243,-1.890401,2020-04-15 22:00:00,100,101,102,103,104,105,"""CO""","""NO2""","""O3""","""PM10""","""PM25""","""SO2""","[100,101,102,103,104,105]","[0.0,27.3,3.7,49,115,0.0]","[""CO"",""NO2"",""O3"",""PM10"",""PM25"",""SO2""]"
25,BOGOTA,pm25,62,45,10.0,74.0,6.4,62,0.5,5.5,10.7,https://api.waqi.info/feed/BOGOTA/?token=330b2f010aadba2c5d5e19fce8cbb8872682fa6c,4.5725,-74.0836,2020-04-15 19:00:00,100,101,102,103,104,105,"""CO""","""NO2""","""O3""","""PM10""","""PM25""","""SO2""","[100,101,102,103,104,105]","[5.5,6.4,10.7,45,62,0.5]","[""CO"",""NO2"",""O3"",""PM10"",""PM25"",""SO2""]"
26,BRASILIA,pm25,34,22,14.0,64.0,11.5,34,0.6,3.7,12.2,https://api.waqi.info/feed/BRASILIA/?token=330b2f010aadba2c5d5e19fce8cbb8872682fa6c,-23.618442773,-46.556353938,2020-04-15 21:00:00,100,101,102,103,104,105,"""CO""","""NO2""","""O3""","""PM10""","""PM25""","""SO2""","[100,101,102,103,104,105]","[3.7,11.5,12.2,22,34,0.6]","[""CO"",""NO2"",""O3"",""PM10"",""PM25"",""SO2""]"
27,Brisbane,pm25,26,16,0.0,64.8,0.0,26,0.0,0.0,0.0,https://api.waqi.info/feed/Brisbane/?token=330b2f010aadba2c5d5e19fce8cbb8872682fa6c,-27.4774,153.028,2020-04-16 09:00:00,100,101,102,103,104,105,"""CO""","""NO2""","""O3""","""PM10""","""PM25""","""SO2""","[100,101,102,103,104,105]","[0.0,0.0,0.0,16,26,0.0]","[""CO"",""NO2"",""O3"",""PM10"",""PM25"",""SO2""]"
28,BUCHAREST,pm10,11,11,1.3,84.3,8.4,0,0.0,0.0,0.0,https://api.waqi.info/feed/BUCHAREST/?token=330b2f010aadba2c5d5e19fce8cbb8872682fa6c,44.435029,26.098609,2020-04-16 03:00:00,100,101,102,103,104,105,"""CO""","""NO2""","""O3""","""PM10""","""PM25""","""SO2""","[100,101,102,103,104,105]","[0.0,8.4,0.0,11,0,0.0]","[""CO"",""NO2"",""O3"",""PM10"",""PM25"",""SO2""]"
29,BUDAPEST,pm25,51,38,0.0,50.0,32.8,51,2.1,5.5,2.2,https://api.waqi.info/feed/BUDAPEST/?token=330b2f010aadba2c5d5e19fce8cbb8872682fa6c,47.508605,19.02764,2020-04-16 00:00:00,100,101,102,103,104,105,"""CO""","""NO2""","""O3""","""PM10""","""PM25""","""SO2""","[100,101,102,103,104,105]","[5.5,32.8,2.2,38,51,2.1]","[""CO"",""NO2"",""O3"",""PM10"",""PM25"",""SO2""]"
30,BUENOS AIRES,pm25,9,4,0.0,53.0,0.0,9,2.1,0.0,3.7,https://api.waqi.info/feed/BUENOS%20AIRES/?token=330b2f010aadba2c5d5e19fce8cbb8872682fa6c,-34.657988,-58.342538,2020-04-15 20:00:00,100,101,102,103,104,105,"""CO""","""NO2""","""O3""","""PM10""","""PM25""","""SO2""","[100,101,102,103,104,105]","[0.0,0.0,3.7,4,9,2.1]","[""CO"",""NO2"",""O3"",""PM10"",""PM25"",""SO2""]"
31,Bursa,pm25,61,32,3.0,75.0,11.4,61,4.4,21.3,11.9,https://api.waqi.info/feed/Bursa/?token=330b2f010aadba2c5d5e19fce8cbb8872682fa6c,40.19572,29.04588,2020-04-16 01:00:00,100,101,102,103,104,105,"""CO""","""NO2""","""O3""","""PM10""","""PM25""","""SO2""","[100,101,102,103,104,105]","[21.3,11.4,11.9,32,61,4.4]","[""CO"",""NO2"",""O3"",""PM10"",""PM25"",""SO2""]"
32,Busan,pm25,63,35,0.0,66.0,13.9,63,4.3,3.4,31.2,https://api.waqi.info/feed/Busan/?token=330b2f010aadba2c5d5e19fce8cbb8872682fa6c,35.1795543,129.0756416,2020-04-16 09:00:00,100,101,102,103,104,105,"""CO""","""NO2""","""O3""","""PM10""","""PM25""","""SO2""","[100,101,102,103,104,105]","[3.4,13.9,31.2,35,63,4.3]","[""CO"",""NO2"",""O3"",""PM10"",""PM25"",""SO2""]"
33,Campinas,pm10,15,15,14.0,64.0,0.0,0,0.0,5.5,0.0,https://api.waqi.info/feed/Campinas/?token=330b2f010aadba2c5d5e19fce8cbb8872682fa6c,-22.902524804,-47.057210743,2020-04-15 21:00:00,100,101,102,103,104,105,"""CO""","""NO2""","""O3""","""PM10""","""PM25""","""SO2""","[100,101,102,103,104,105]","[5.5,0.0,0.0,15,0,0.0]","[""CO"",""NO2"",""O3"",""PM10"",""PM25"",""SO2""]"
34,Changchun,pm25,411,363,0.0,34.0,55.7,411,9.2,21.7,8.2,https://api.waqi.info/feed/Changchun/?token=330b2f010aadba2c5d5e19fce8cbb8872682fa6c,43.816964,125.323471,2020-04-16 08:00:00,100,101,102,103,104,105,"""CO""","""NO2""","""O3""","""PM10""","""PM25""","""SO2""","[100,101,102,103,104,105]","[21.7,55.7,8.2,363,411,9.2]","[""CO"",""NO2"",""O3"",""PM10"",""PM25"",""SO2""]"
35,Changsha,pm25,109,54,0.0,64.0,11.9,109,9.2,2.8,27.7,https://api.waqi.info/feed/Changsha/?token=330b2f010aadba2c5d5e19fce8cbb8872682fa6c,28.228209,112.938814,2020-04-16 08:00:00,100,101,102,103,104,105,"""CO""","""NO2""","""O3""","""PM10""","""PM25""","""SO2""","[100,101,102,103,104,105]","[2.8,11.9,27.7,54,109,9.2]","[""CO"",""NO2"",""O3"",""PM10"",""PM25"",""SO2""]"
36,Changzhou,pm25,151,77,0.0,89.9,34.8,151,7.1,6.4,0.0,https://api.waqi.info/feed/Changzhou/?token=330b2f010aadba2c5d5e19fce8cbb8872682fa6c,31.810077,119.974454,2020-04-16 08:00:00,100,101,102,103,104,105,"""CO""","""NO2""","""O3""","""PM10""","""PM25""","""SO2""","[100,101,102,103,104,105]","[6.4,34.8,0.0,77,151,7.1]","[""CO"",""NO2"",""O3"",""PM10"",""PM25"",""SO2""]"
37,Chelyabinsk,pm25,25,8,0.0,69.615,3.5,25,0.0,0.6,11.5,https://api.waqi.info/feed/Chelyabinsk/?token=330b2f010aadba2c5d5e19fce8cbb8872682fa6c,55.17616,61.48267,2020-04-16 00:00:00,100,101,102,103,104,105,"""CO""","""NO2""","""O3""","""PM10""","""PM25""","""SO2""","[100,101,102,103,104,105]","[0.6,3.5,11.5,8,25,0.0]","[""CO"",""NO2"",""O3"",""PM10"",""PM25"",""SO2""]"
38,Chengdu,pm25,175,101,0.0,72.0,17.0,175,8.7,8.0,11.8,https://api.waqi.info/feed/Chengdu/?token=330b2f010aadba2c5d5e19fce8cbb8872682fa6c,30.6250145,104.0670559,2020-04-16 08:00:00,100,101,102,103,104,105,"""CO""","""NO2""","""O3""","""PM10""","""PM25""","""SO2""","[100,101,102,103,104,105]","[8.0,17.0,11.8,101,175,8.7]","[""CO"",""NO2"",""O3"",""PM10"",""PM25"",""SO2""]"
39,Chennai,pm25,50,0,24.0,83.0,0.0,50,0.0,0.0,0.0,https://api.waqi.info/feed/Chennai/?token=330b2f010aadba2c5d5e19fce8cbb8872682fa6c,13.08784,80.27847,2020-04-16 05:00:00,100,101,102,103,104,105,"""CO""","""NO2""","""O3""","""PM10""","""PM25""","""SO2""","[100,101,102,103,104,105]","[0.0,0.0,0.0,0,50,0.0]","[""CO"",""NO2"",""O3"",""PM10"",""PM25"",""SO2""]"
40,Chicago,,-,0,0.0,86.0,0.0,13,0.0,0.0,0.0,https://api.waqi.info/feed/Chicago/?token=330b2f010aadba2c5d5e19fce8cbb8872682fa6c,41.9136,-87.7239,2020-03-31 11:00:00,100,101,102,103,104,105,"""CO""","""NO2""","""O3""","""PM10""","""PM25""","""SO2""","[100,101,102,103,104,105]","[0.0,0.0,0.0,0,13,0.0]","[""CO"",""NO2"",""O3"",""PM10"",""PM25"",""SO2""]"
41,CONAKRY,pm25,104,0,22.0,62.0,0.0,104,0.0,0.0,0.0,https://api.waqi.info/feed/CONAKRY/?token=330b2f010aadba2c5d5e19fce8cbb8872682fa6c,9.5951,-13.6364,2020-04-15 23:00:00,100,101,102,103,104,105,"""CO""","""NO2""","""O3""","""PM10""","""PM25""","""SO2""","[100,101,102,103,104,105]","[0.0,0.0,0.0,0,104,0.0]","[""CO"",""NO2"",""O3"",""PM10"",""PM25"",""SO2""]"
42,COPENHAGEN,pm25,40,18,0.0,73.5,1.7,40,0.5,2.0,32.4,https://api.waqi.info/feed/COPENHAGEN/?token=330b2f010aadba2c5d5e19fce8cbb8872682fa6c,55.6750137,12.5693995,2020-04-16 00:00:00,100,101,102,103,104,105,"""CO""","""NO2""","""O3""","""PM10""","""PM25""","""SO2""","[100,101,102,103,104,105]","[2.0,1.7,32.4,18,40,0.5]","[""CO"",""NO2"",""O3"",""PM10"",""PM25"",""SO2""]"
43,Cordoba,o3,29,10,12.0,100.0,1.0,0,1.1,0.1,28.5,https://api.waqi.info/feed/Cordoba/?token=330b2f010aadba2c5d5e19fce8cbb8872682fa6c,37.8935004,-4.7711062,2020-04-15 20:00:00,100,101,102,103,104,105,"""CO""","""NO2""","""O3""","""PM10""","""PM25""","""SO2""","[100,101,102,103,104,105]","[0.1,1.0,28.5,10,0,1.1]","[""CO"",""NO2"",""O3"",""PM10"",""PM25"",""SO2""]"
44,Daegu,pm25,63,28,0.0,78.0,7.5,63,2.9,5.6,28.1,https://api.waqi.info/feed/Daegu/?token=330b2f010aadba2c5d5e19fce8cbb8872682fa6c,35.8714354,128.601445,2020-04-16 09:00:00,100,101,102,103,104,105,"""CO""","""NO2""","""O3""","""PM10""","""PM25""","""SO2""","[100,101,102,103,104,105]","[5.6,7.5,28.1,28,63,2.9]","[""CO"",""NO2"",""O3"",""PM10"",""PM25"",""SO2""]"
45,Daejon,pm25,93,53,0.0,63.0,39.9,93,2.9,5.6,8.8,https://api.waqi.info/feed/Daejon/?token=330b2f010aadba2c5d5e19fce8cbb8872682fa6c,36.3504119,127.3845475,2020-04-16 09:00:00,100,101,102,103,104,105,"""CO""","""NO2""","""O3""","""PM10""","""PM25""","""SO2""","[100,101,102,103,104,105]","[5.6,39.9,8.8,53,93,2.9]","[""CO"",""NO2"",""O3"",""PM10"",""PM25"",""SO2""]"
46,Dalian,pm25,153,58,0.0,66.0,8.3,153,4.6,7.3,75.3,https://api.waqi.info/feed/Dalian/?token=330b2f010aadba2c5d5e19fce8cbb8872682fa6c,38.914003,121.614682,2020-04-16 08:00:00,100,101,102,103,104,105,"""CO""","""NO2""","""O3""","""PM10""","""PM25""","""SO2""","[100,101,102,103,104,105]","[7.3,8.3,75.3,58,153,4.6]","[""CO"",""NO2"",""O3"",""PM10"",""PM25"",""SO2""]"
47,Dallas,o3,41,0,0.0,27.0,5.0,19,0.0,0.0,40.8,https://api.waqi.info/feed/Dallas/?token=330b2f010aadba2c5d5e19fce8cbb8872682fa6c,32.8200608,-96.8601165,2020-04-15 17:00:00,100,101,102,103,104,105,"""CO""","""NO2""","""O3""","""PM10""","""PM25""","""SO2""","[100,101,102,103,104,105]","[0.0,5.0,40.8,0,19,0.0]","[""CO"",""NO2"",""O3"",""PM10"",""PM25"",""SO2""]"
48,Datong,pm10,502,502,0.0,93.7,10.1,153,9.7,4.6,30.9,https://api.waqi.info/feed/Datong/?token=330b2f010aadba2c5d5e19fce8cbb8872682fa6c,40.076816,113.300126,2020-04-16 07:00:00,100,101,102,103,104,105,"""CO""","""NO2""","""O3""","""PM10""","""PM25""","""SO2""","[100,101,102,103,104,105]","[4.6,10.1,30.9,502,153,9.7]","[""CO"",""NO2"",""O3"",""PM10"",""PM25"",""SO2""]"
49,DELHI,pm25,163,0,10.0,38.0,0.0,163,0.0,0.0,0.0,https://api.waqi.info/feed/DELHI/?token=330b2f010aadba2c5d5e19fce8cbb8872682fa6c,28.63576,77.22445,2020-04-16 05:00:00,100,101,102,103,104,105,"""CO""","""NO2""","""O3""","""PM10""","""PM25""","""SO2""","[100,101,102,103,104,105]","[0.0,0.0,0.0,0,163,0.0]","[""CO"",""NO2"",""O3"",""PM10"",""PM25"",""SO2""]"
50,DHAKA,pm25,57,0,18.0,82.0,0.0,57,0.0,0.0,0.0,https://api.waqi.info/feed/DHAKA/?token=330b2f010aadba2c5d5e19fce8cbb8872682fa6c,23.796373,90.424614,2020-04-16 05:00:00,100,101,102,103,104,105,"""CO""","""NO2""","""O3""","""PM10""","""PM25""","""SO2""","[100,101,102,103,104,105]","[0.0,0.0,0.0,0,57,0.0]","[""CO"",""NO2"",""O3"",""PM10"",""PM25"",""SO2""]"
51,Dnipropetrovsk,pm25,14,6,-2.0,46.54,0.0,14,0.0,0.0,0.0,https://api.waqi.info/feed/Dnipropetrovsk/?token=330b2f010aadba2c5d5e19fce8cbb8872682fa6c,48.458139,35.052214,2020-04-16 04:00:00,100,101,102,103,104,105,"""CO""","""NO2""","""O3""","""PM10""","""PM25""","""SO2""","[100,101,102,103,104,105]","[0.0,0.0,0.0,6,14,0.0]","[""CO"",""NO2"",""O3"",""PM10"",""PM25"",""SO2""]"
52,Durban,pm25,30,14,0.0,94.3,0.0,30,1.6,0.0,0.0,https://api.waqi.info/feed/Durban/?token=330b2f010aadba2c5d5e19fce8cbb8872682fa6c,-29.858283,31.027286,2020-04-16 02:00:00,100,101,102,103,104,105,"""CO""","""NO2""","""O3""","""PM10""","""PM25""","""SO2""","[100,101,102,103,104,105]","[0.0,0.0,0.0,14,30,1.6]","[""CO"",""NO2"",""O3"",""PM10"",""PM25"",""SO2""]"
53,Ecatepec,pm25,91,67,0.0,26.0,8.4,91,5.8,6.7,52.0,https://api.waqi.info/feed/Ecatepec/?token=330b2f010aadba2c5d5e19fce8cbb8872682fa6c,19.532968,-99.030324,2020-04-15 18:00:00,100,101,102,103,104,105,"""CO""","""NO2""","""O3""","""PM10""","""PM25""","""SO2""","[100,101,102,103,104,105]","[6.7,8.4,52.0,67,91,5.8]","[""CO"",""NO2"",""O3"",""PM10"",""PM25"",""SO2""]"
54,Foshan,pm25,109,64,0.0,88.0,23.4,109,3.1,4.6,26.0,https://api.waqi.info/feed/Foshan/?token=330b2f010aadba2c5d5e19fce8cbb8872682fa6c,23.021548,113.121416,2020-04-16 08:00:00,100,101,102,103,104,105,"""CO""","""NO2""","""O3""","""PM10""","""PM25""","""SO2""","[100,101,102,103,104,105]","[4.6,23.4,26.0,64,109,3.1]","[""CO"",""NO2"",""O3"",""PM10"",""PM25"",""SO2""]"
55,Fukuoka,pm25,46,15,0.0,74.2,29.7,46,2.9,4.5,8.0,https://api.waqi.info/feed/Fukuoka/?token=330b2f010aadba2c5d5e19fce8cbb8872682fa6c,33.5903547,130.4017155,2020-04-16 08:00:00,100,101,102,103,104,105,"""CO""","""NO2""","""O3""","""PM10""","""PM25""","""SO2""","[100,101,102,103,104,105]","[4.5,29.7,8.0,15,46,2.9]","[""CO"",""NO2"",""O3"",""PM10"",""PM25"",""SO2""]"
56,Fuzhou,pm25,102,56,0.0,77.0,19.7,102,7.1,7.3,91.0,https://api.waqi.info/feed/Fuzhou/?token=330b2f010aadba2c5d5e19fce8cbb8872682fa6c,26.074508,119.296494,2020-04-16 08:00:00,100,101,102,103,104,105,"""CO""","""NO2""","""O3""","""PM10""","""PM25""","""SO2""","[100,101,102,103,104,105]","[7.3,19.7,91.0,56,102,7.1]","[""CO"",""NO2"",""O3"",""PM10"",""PM25"",""SO2""]"
57,Guadalajara,o3,36,27,0.0,10.0,7.3,0,0.0,2.2,35.8,https://api.waqi.info/feed/Guadalajara/?token=330b2f010aadba2c5d5e19fce8cbb8872682fa6c,20.680450840176,-103.39873310432,2020-04-15 19:00:00,100,101,102,103,104,105,"""CO""","""NO2""","""O3""","""PM10""","""PM25""","""SO2""","[100,101,102,103,104,105]","[2.2,7.3,35.8,27,0,0.0]","[""CO"",""NO2"",""O3"",""PM10"",""PM25"",""SO2""]"
58,Guangzhou,pm25,122,60,0.0,72.0,38.9,122,5.6,9.1,1.7,https://api.waqi.info/feed/Guangzhou/?token=330b2f010aadba2c5d5e19fce8cbb8872682fa6c,23.141191,113.258374,2020-04-16 08:00:00,100,101,102,103,104,105,"""CO""","""NO2""","""O3""","""PM10""","""PM25""","""SO2""","[100,101,102,103,104,105]","[9.1,38.9,1.7,60,122,5.6]","[""CO"",""NO2"",""O3"",""PM10"",""PM25"",""SO2""]"
59,Guarulhos,pm25,46,18,15.0,72.0,0.0,46,0.0,0.0,13.0,https://api.waqi.info/feed/Guarulhos/?token=330b2f010aadba2c5d5e19fce8cbb8872682fa6c,-23.455534258,-46.518533403,2020-04-15 21:00:00,100,101,102,103,104,105,"""CO""","""NO2""","""O3""","""PM10""","""PM25""","""SO2""","[100,101,102,103,104,105]","[0.0,0.0,13.0,18,46,0.0]","[""CO"",""NO2"",""O3"",""PM10"",""PM25"",""SO2""]"
60,Guiyang,pm25,142,54,0.0,77.0,11.9,142,4.6,7.3,45.1,https://api.waqi.info/feed/Guiyang/?token=330b2f010aadba2c5d5e19fce8cbb8872682fa6c,26.647661,106.630154,2020-04-16 08:00:00,100,101,102,103,104,105,"""CO""","""NO2""","""O3""","""PM10""","""PM25""","""SO2""","[100,101,102,103,104,105]","[7.3,11.9,45.1,54,142,4.6]","[""CO"",""NO2"",""O3"",""PM10"",""PM25"",""SO2""]"
61,Gwangju,pm25,109,58,0.0,57.0,38.9,109,5.8,6.7,15.2,https://api.waqi.info/feed/Gwangju/?token=330b2f010aadba2c5d5e19fce8cbb8872682fa6c,35.1595454,126.8526012,2020-04-16 09:00:00,100,101,102,103,104,105,"""CO""","""NO2""","""O3""","""PM10""","""PM25""","""SO2""","[100,101,102,103,104,105]","[6.7,38.9,15.2,58,109,5.8]","[""CO"",""NO2"",""O3"",""PM10"",""PM25"",""SO2""]"
62,Haiphong,pm25,18,10,19.4,90.6,10.0,18,24.0,0.0,0.0,https://api.waqi.info/feed/Haiphong/?token=330b2f010aadba2c5d5e19fce8cbb8872682fa6c,21.0357507,106.7641068,2020-04-16 05:00:00,100,101,102,103,104,105,"""CO""","""NO2""","""O3""","""PM10""","""PM25""","""SO2""","[100,101,102,103,104,105]","[0.0,10.0,0.0,10,18,24.0]","[""CO"",""NO2"",""O3"",""PM10"",""PM25"",""SO2""]"
63,Hamburg,pm25,38,19,2.0,75.0,6.9,38,1.6,0.1,31.7,https://api.waqi.info/feed/Hamburg/?token=330b2f010aadba2c5d5e19fce8cbb8872682fa6c,53.59235,10.053724,2020-04-16 03:00:00,100,101,102,103,104,105,"""CO""","""NO2""","""O3""","""PM10""","""PM25""","""SO2""","[100,101,102,103,104,105]","[0.1,6.9,31.7,19,38,1.6]","[""CO"",""NO2"",""O3"",""PM10"",""PM25"",""SO2""]"
64,Handan,pm25,158,84,0.0,68.2,17.0,158,4.6,0.1,28.5,https://api.waqi.info/feed/Handan/?token=330b2f010aadba2c5d5e19fce8cbb8872682fa6c,36.625604,114.539085,2020-04-16 08:00:00,100,101,102,103,104,105,"""CO""","""NO2""","""O3""","""PM10""","""PM25""","""SO2""","[100,101,102,103,104,105]","[0.1,17.0,28.5,84,158,4.6]","[""CO"",""NO2"",""O3"",""PM10"",""PM25"",""SO2""]"
65,Hangzhou,pm25,152,65,0.0,49.0,30.2,152,6.6,10.0,9.4,https://api.waqi.info/feed/Hangzhou/?token=330b2f010aadba2c5d5e19fce8cbb8872682fa6c,30.274085,120.15507,2020-04-16 08:00:00,100,101,102,103,104,105,"""CO""","""NO2""","""O3""","""PM10""","""PM25""","""SO2""","[100,101,102,103,104,105]","[10.0,30.2,9.4,65,152,6.6]","[""CO"",""NO2"",""O3"",""PM10"",""PM25"",""SO2""]"
66,HANOI,pm25,152,0,19.0,83.0,3.2,152,2.6,0.2,5.7,https://api.waqi.info/feed/HANOI/?token=330b2f010aadba2c5d5e19fce8cbb8872682fa6c,21.0215063,105.8188748,2020-04-16 06:00:00,100,101,102,103,104,105,"""CO""","""NO2""","""O3""","""PM10""","""PM25""","""SO2""","[100,101,102,103,104,105]","[0.2,3.2,5.7,0,152,2.6]","[""CO"",""NO2"",""O3"",""PM10"",""PM25"",""SO2""]"
67,Haora,pm25,94,51,21.0,86.52,6.2,94,3.7,4.5,7.5,https://api.waqi.info/feed/Haora/?token=330b2f010aadba2c5d5e19fce8cbb8872682fa6c,22.5707053,88.3008448,2020-04-16 05:00:00,100,101,102,103,104,105,"""CO""","""NO2""","""O3""","""PM10""","""PM25""","""SO2""","[100,101,102,103,104,105]","[4.5,6.2,7.5,51,94,3.7]","[""CO"",""NO2"",""O3"",""PM10"",""PM25"",""SO2""]"
68,Harbin,pm25,161,78,-2.1,47.0,20.2,161,10.7,10.0,20.4,https://api.waqi.info/feed/Harbin/?token=330b2f010aadba2c5d5e19fce8cbb8872682fa6c,45.7258,126.646,2020-04-16 08:00:00,100,101,102,103,104,105,"""CO""","""NO2""","""O3""","""PM10""","""PM25""","""SO2""","[100,101,102,103,104,105]","[10.0,20.2,20.4,78,161,10.7]","[""CO"",""NO2"",""O3"",""PM10"",""PM25"",""SO2""]"
69,Hefei,pm25,63,58,0.0,56.0,21.5,63,5.1,6.4,28.1,https://api.waqi.info/feed/Hefei/?token=330b2f010aadba2c5d5e19fce8cbb8872682fa6c,31.821448,117.227271,2020-04-16 08:00:00,100,101,102,103,104,105,"""CO""","""NO2""","""O3""","""PM10""","""PM25""","""SO2""","[100,101,102,103,104,105]","[6.4,21.5,28.1,58,63,5.1]","[""CO"",""NO2"",""O3"",""PM10"",""PM25"",""SO2""]"
70,Hiroshima,pm25,17,6,0.0,46.2,13.9,17,1.5,5.6,22.4,https://api.waqi.info/feed/Hiroshima/?token=330b2f010aadba2c5d5e19fce8cbb8872682fa6c,34.3852029,132.4552927,2020-04-16 09:00:00,100,101,102,103,104,105,"""CO""","""NO2""","""O3""","""PM10""","""PM25""","""SO2""","[100,101,102,103,104,105]","[5.6,13.9,22.4,6,17,1.5]","[""CO"",""NO2"",""O3"",""PM10"",""PM25"",""SO2""]"
71,Ho Chi Minh,pm25,70,0,23.0,76.0,0.0,70,0.0,0.0,0.0,https://api.waqi.info/feed/Ho%20Chi%20Minh/?token=330b2f010aadba2c5d5e19fce8cbb8872682fa6c,10.782978,106.700711,2020-04-16 06:00:00,100,101,102,103,104,105,"""CO""","""NO2""","""O3""","""PM10""","""PM25""","""SO2""","[100,101,102,103,104,105]","[0.0,0.0,0.0,0,70,0.0]","[""CO"",""NO2"",""O3"",""PM10"",""PM25"",""SO2""]"
72,Hong Kong,pm25,68,27,0.0,77.0,41.1,68,2.8,6.7,8.2,https://api.waqi.info/feed/Hong%20Kong/?token=330b2f010aadba2c5d5e19fce8cbb8872682fa6c,22.2796569,114.1719873,2020-04-16 07:00:00,100,101,102,103,104,105,"""CO""","""NO2""","""O3""","""PM10""","""PM25""","""SO2""","[100,101,102,103,104,105]","[6.7,41.1,8.2,27,68,2.8]","[""CO"",""NO2"",""O3"",""PM10"",""PM25"",""SO2""]"
73,Houston,o3,38,0,3.0,30.0,18.4,24,0.0,2.3,37.6,https://api.waqi.info/feed/Houston/?token=330b2f010aadba2c5d5e19fce8cbb8872682fa6c,29.686389,-95.294722,2020-04-15 17:00:00,100,101,102,103,104,105,"""CO""","""NO2""","""O3""","""PM10""","""PM25""","""SO2""","[100,101,102,103,104,105]","[2.3,18.4,37.6,0,24,0.0]","[""CO"",""NO2"",""O3"",""PM10"",""PM25"",""SO2""]"
74,Hyderabad,pm25,104,0,0.0,35.0,0.0,104,0.0,0.0,0.0,https://api.waqi.info/feed/Hyderabad/?token=330b2f010aadba2c5d5e19fce8cbb8872682fa6c,17.38405,78.45636,2020-04-16 05:00:00,100,101,102,103,104,105,"""CO""","""NO2""","""O3""","""PM10""","""PM25""","""SO2""","[100,101,102,103,104,105]","[0.0,0.0,0.0,0,104,0.0]","[""CO"",""NO2"",""O3"",""PM10"",""PM25"",""SO2""]"
75,Hyderabad,pm25,104,0,0.0,35.0,0.0,104,0.0,0.0,0.0,https://api.waqi.info/feed/Hyderabad/?token=330b2f010aadba2c5d5e19fce8cbb8872682fa6c,17.38405,78.45636,2020-04-16 05:00:00,100,101,102,103,104,105,"""CO""","""NO2""","""O3""","""PM10""","""PM25""","""SO2""","[100,101,102,103,104,105]","[0.0,0.0,0.0,0,104,0.0]","[""CO"",""NO2"",""O3"",""PM10"",""PM25"",""SO2""]"
76,Incheon,pm25,76,58,0.0,47.0,43.6,76,5.8,11.2,14.5,https://api.waqi.info/feed/Incheon/?token=330b2f010aadba2c5d5e19fce8cbb8872682fa6c,37.4562557,126.7052062,2020-04-16 09:00:00,100,101,102,103,104,105,"""CO""","""NO2""","""O3""","""PM10""","""PM25""","""SO2""","[100,101,102,103,104,105]","[11.2,43.6,14.5,58,76,5.8]","[""CO"",""NO2"",""O3"",""PM10"",""PM25"",""SO2""]"
77,Indore,pm25,89,55,7.0,28.333333333333332,3.8,89,2.1,2.5,15.2,https://api.waqi.info/feed/Indore/?token=330b2f010aadba2c5d5e19fce8cbb8872682fa6c,22.719444,75.870278,2020-04-16 05:00:00,100,101,102,103,104,105,"""CO""","""NO2""","""O3""","""PM10""","""PM25""","""SO2""","[100,101,102,103,104,105]","[2.5,3.8,15.2,55,89,2.1]","[""CO"",""NO2"",""O3"",""PM10"",""PM25"",""SO2""]"
78,Istanbul,pm25,53,29,3.0,70.0,32.0,53,1.1,1.9,14.2,https://api.waqi.info/feed/Istanbul/?token=330b2f010aadba2c5d5e19fce8cbb8872682fa6c,41.014722,28.954722,2020-04-16 01:00:00,100,101,102,103,104,105,"""CO""","""NO2""","""O3""","""PM10""","""PM25""","""SO2""","[100,101,102,103,104,105]","[1.9,32.0,14.2,29,53,1.1]","[""CO"",""NO2"",""O3"",""PM10"",""PM25"",""SO2""]"
79,Izmir,pm10,20,20,8.0,87.0,2.8,0,2.7,0.0,0.0,https://api.waqi.info/feed/Izmir/?token=330b2f010aadba2c5d5e19fce8cbb8872682fa6c,38.432222,27.144444,2020-04-16 01:00:00,100,101,102,103,104,105,"""CO""","""NO2""","""O3""","""PM10""","""PM25""","""SO2""","[100,101,102,103,104,105]","[0.0,2.8,0.0,20,0,2.7]","[""CO"",""NO2"",""O3"",""PM10"",""PM25"",""SO2""]"
80,Jaipur,pm25,93,65,8.0,27.430000000000003,5.5,93,0.2,0.5,27.2,https://api.waqi.info/feed/Jaipur/?token=330b2f010aadba2c5d5e19fce8cbb8872682fa6c,26.9405166,75.8007016,2020-04-16 05:00:00,100,101,102,103,104,105,"""CO""","""NO2""","""O3""","""PM10""","""PM25""","""SO2""","[100,101,102,103,104,105]","[0.5,5.5,27.2,65,93,0.2]","[""CO"",""NO2"",""O3"",""PM10"",""PM25"",""SO2""]"
81,JAKARTA,pm25,109,58,26.0,100.0,0.0,109,0.0,0.0,0.0,https://api.waqi.info/feed/JAKARTA/?token=330b2f010aadba2c5d5e19fce8cbb8872682fa6c,-6.182536,106.834236,2020-04-16 06:00:00,100,101,102,103,104,105,"""CO""","""NO2""","""O3""","""PM10""","""PM25""","""SO2""","[100,101,102,103,104,105]","[0.0,0.0,0.0,58,109,0.0]","[""CO"",""NO2"",""O3"",""PM10"",""PM25"",""SO2""]"
82,Jeddah,o3,37,20,17.0,64.0,3.0,0,4.0,1.0,37.0,https://api.waqi.info/feed/Jeddah/?token=330b2f010aadba2c5d5e19fce8cbb8872682fa6c,21.524667,39.203088,2020-04-16 01:39:00,100,101,102,103,104,105,"""CO""","""NO2""","""O3""","""PM10""","""PM25""","""SO2""","[100,101,102,103,104,105]","[1.0,3.0,37.0,20,0,4.0]","[""CO"",""NO2"",""O3"",""PM10"",""PM25"",""SO2""]"
83,Jilin,pm25,188,114,0.0,37.0,22.9,188,25.9,11.8,35.4,https://api.waqi.info/feed/Jilin/?token=330b2f010aadba2c5d5e19fce8cbb8872682fa6c,43.837883,126.549572,2020-04-16 07:00:00,100,101,102,103,104,105,"""CO""","""NO2""","""O3""","""PM10""","""PM25""","""SO2""","[100,101,102,103,104,105]","[11.8,22.9,35.4,114,188,25.9]","[""CO"",""NO2"",""O3"",""PM10"",""PM25"",""SO2""]"
84,Jinan,pm25,139,61,0.0,49.2,20.2,139,2.6,0.1,26.0,https://api.waqi.info/feed/Jinan/?token=330b2f010aadba2c5d5e19fce8cbb8872682fa6c,36.650997,117.120497,2020-04-16 08:00:00,100,101,102,103,104,105,"""CO""","""NO2""","""O3""","""PM10""","""PM25""","""SO2""","[100,101,102,103,104,105]","[0.1,20.2,26.0,61,139,2.6]","[""CO"",""NO2"",""O3"",""PM10"",""PM25"",""SO2""]"
85,Johannesburg,pm25,25,10,0.0,70.0,9.6,25,1.6,9.3,0.0,https://api.waqi.info/feed/Johannesburg/?token=330b2f010aadba2c5d5e19fce8cbb8872682fa6c,-26.178666,28.13314,2020-04-16 02:00:00,100,101,102,103,104,105,"""CO""","""NO2""","""O3""","""PM10""","""PM25""","""SO2""","[100,101,102,103,104,105]","[9.3,9.6,0.0,10,25,1.6]","[""CO"",""NO2"",""O3"",""PM10"",""PM25"",""SO2""]"
86,KABUL,pm25,139,0,7.0,87.0,0.0,139,0.0,0.0,0.0,https://api.waqi.info/feed/KABUL/?token=330b2f010aadba2c5d5e19fce8cbb8872682fa6c,34.554382,69.2046,2020-04-16 04:00:00,100,101,102,103,104,105,"""CO""","""NO2""","""O3""","""PM10""","""PM25""","""SO2""","[100,101,102,103,104,105]","[0.0,0.0,0.0,0,139,0.0]","[""CO"",""NO2"",""O3"",""PM10"",""PM25"",""SO2""]"
87,Kanpur,pm25,170,0,20.0,62.0,18.2,170,9.8,0.0,2.3,https://api.waqi.info/feed/Kanpur/?token=330b2f010aadba2c5d5e19fce8cbb8872682fa6c,26.4703088,80.3251749,2020-04-16 05:00:00,100,101,102,103,104,105,"""CO""","""NO2""","""O3""","""PM10""","""PM25""","""SO2""","[100,101,102,103,104,105]","[0.0,18.2,2.3,0,170,9.8]","[""CO"",""NO2"",""O3"",""PM10"",""PM25"",""SO2""]"
88,Kaohsiung,pm25,89,49,0.0,66.0,33.2,89,4.6,13.0,19.8,https://api.waqi.info/feed/Kaohsiung/?token=330b2f010aadba2c5d5e19fce8cbb8872682fa6c,22.608711,120.312017,2020-04-16 08:00:00,100,101,102,103,104,105,"""CO""","""NO2""","""O3""","""PM10""","""PM25""","""SO2""","[100,101,102,103,104,105]","[13.0,33.2,19.8,49,89,4.6]","[""CO"",""NO2"",""O3"",""PM10"",""PM25"",""SO2""]"
89,Karachi,pm25,70,0,22.0,78.0,0.0,70,0.0,0.0,0.0,https://api.waqi.info/feed/Karachi/?token=330b2f010aadba2c5d5e19fce8cbb8872682fa6c,24.8415,67.0091,2020-04-16 04:00:00,100,101,102,103,104,105,"""CO""","""NO2""","""O3""","""PM10""","""PM25""","""SO2""","[100,101,102,103,104,105]","[0.0,0.0,0.0,0,70,0.0]","[""CO"",""NO2"",""O3"",""PM10"",""PM25"",""SO2""]"
90,Kawasaki,pm25,50,16,0.0,81.0,12.1,50,1.5,3.4,32.0,https://api.waqi.info/feed/Kawasaki/?token=330b2f010aadba2c5d5e19fce8cbb8872682fa6c,35.5309058,139.7030511,2020-04-16 07:00:00,100,101,102,103,104,105,"""CO""","""NO2""","""O3""","""PM10""","""PM25""","""SO2""","[100,101,102,103,104,105]","[3.4,12.1,32.0,16,50,1.5]","[""CO"",""NO2"",""O3"",""PM10"",""PM25"",""SO2""]"
91,KIEV,pm25,14,7,0.0,99.9,0.0,14,0.0,0.0,0.0,https://api.waqi.info/feed/KIEV/?token=330b2f010aadba2c5d5e19fce8cbb8872682fa6c,50.444,30.54,2020-04-16 04:00:00,100,101,102,103,104,105,"""CO""","""NO2""","""O3""","""PM10""","""PM25""","""SO2""","[100,101,102,103,104,105]","[0.0,0.0,0.0,7,14,0.0]","[""CO"",""NO2"",""O3"",""PM10"",""PM25"",""SO2""]"
92,Kitakyushu,pm25,42,13,0.0,87.0,12.1,42,2.9,0.0,28.1,https://api.waqi.info/feed/Kitakyushu/?token=330b2f010aadba2c5d5e19fce8cbb8872682fa6c,33.8834093,130.8752161,2020-04-15 23:00:00,100,101,102,103,104,105,"""CO""","""NO2""","""O3""","""PM10""","""PM25""","""SO2""","[100,101,102,103,104,105]","[0.0,12.1,28.1,13,42,2.9]","[""CO"",""NO2"",""O3"",""PM10"",""PM25"",""SO2""]"
93,Kobe,pm25,61,13,0.0,62.2,19.5,61,2.9,2.3,21.6,https://api.waqi.info/feed/Kobe/?token=330b2f010aadba2c5d5e19fce8cbb8872682fa6c,34.690083,135.1955112,2020-04-16 08:00:00,100,101,102,103,104,105,"""CO""","""NO2""","""O3""","""PM10""","""PM25""","""SO2""","[100,101,102,103,104,105]","[2.3,19.5,21.6,13,61,2.9]","[""CO"",""NO2"",""O3"",""PM10"",""PM25"",""SO2""]"
94,Kolkata,pm25,104,0,21.5,94.0,0.0,104,0.0,0.0,0.0,https://api.waqi.info/feed/Kolkata/?token=330b2f010aadba2c5d5e19fce8cbb8872682fa6c,22.56263,88.36304,2020-04-16 05:00:00,100,101,102,103,104,105,"""CO""","""NO2""","""O3""","""PM10""","""PM25""","""SO2""","[100,101,102,103,104,105]","[0.0,0.0,0.0,0,104,0.0]","[""CO"",""NO2"",""O3"",""PM10"",""PM25"",""SO2""]"
95,Kowloon,pm25,68,27,0.0,77.0,41.1,68,2.8,6.7,8.2,https://api.waqi.info/feed/Kowloon/?token=330b2f010aadba2c5d5e19fce8cbb8872682fa6c,22.396428,114.109497,2020-04-16 07:00:00,100,101,102,103,104,105,"""CO""","""NO2""","""O3""","""PM10""","""PM25""","""SO2""","[100,101,102,103,104,105]","[6.7,41.1,8.2,27,68,2.8]","[""CO"",""NO2"",""O3"",""PM10"",""PM25"",""SO2""]"
96,KUALA LUMPUR,,55,0,0.0,100.0,0.0,0,0.0,0.0,0.0,https://api.waqi.info/feed/KUALA%20LUMPUR/?token=330b2f010aadba2c5d5e19fce8cbb8872682fa6c,3.139003,101.686855,2020-04-16 07:00:00,100,101,102,103,104,105,"""CO""","""NO2""","""O3""","""PM10""","""PM25""","""SO2""","[100,101,102,103,104,105]","[0.0,0.0,0.0,0,0,0.0]","[""CO"",""NO2"",""O3"",""PM10"",""PM25"",""SO2""]"
97,Kunming,pm25,124,51,0.0,82.0,15.1,124,3.6,8.2,35.4,https://api.waqi.info/feed/Kunming/?token=330b2f010aadba2c5d5e19fce8cbb8872682fa6c,24.880182,102.832861,2020-04-16 08:00:00,100,101,102,103,104,105,"""CO""","""NO2""","""O3""","""PM10""","""PM25""","""SO2""","[100,101,102,103,104,105]","[8.2,15.1,35.4,51,124,3.6]","[""CO"",""NO2"",""O3"",""PM10"",""PM25"",""SO2""]"
98,Kyoto,pm25,46,11,0.0,54.0,11.2,46,2.9,5.6,24.8,https://api.waqi.info/feed/Kyoto/?token=330b2f010aadba2c5d5e19fce8cbb8872682fa6c,35.0116363,135.7680294,2020-04-16 08:00:00,100,101,102,103,104,105,"""CO""","""NO2""","""O3""","""PM10""","""PM25""","""SO2""","[100,101,102,103,104,105]","[5.6,11.2,24.8,11,46,2.9]","[""CO"",""NO2"",""O3"",""PM10"",""PM25"",""SO2""]"
99,Lahore,pm25,112,0,16.0,60.0,0.0,112,0.0,0.0,0.0,https://api.waqi.info/feed/Lahore/?token=330b2f010aadba2c5d5e19fce8cbb8872682fa6c,31.560078,74.33589,2020-04-16 04:00:00,100,101,102,103,104,105,"""CO""","""NO2""","""O3""","""PM10""","""PM25""","""SO2""","[100,101,102,103,104,105]","[0.0,0.0,0.0,0,112,0.0]","[""CO"",""NO2"",""O3"",""PM10"",""PM25"",""SO2""]"
100,Lanzhou,pm25,99,76,0.0,40.3,11.9,99,5.6,3.7,25.2,https://api.waqi.info/feed/Lanzhou/?token=330b2f010aadba2c5d5e19fce8cbb8872682fa6c,36.061255,103.834377,2020-04-16 08:00:00,100,101,102,103,104,105,"""CO""","""NO2""","""O3""","""PM10""","""PM25""","""SO2""","[100,101,102,103,104,105]","[3.7,11.9,25.2,76,99,5.6]","[""CO"",""NO2"",""O3"",""PM10"",""PM25"",""SO2""]"
101,Leon,o3,26,4,0.0,0.0,5.5,0,2.6,0.1,26.0,https://api.waqi.info/feed/Leon/?token=330b2f010aadba2c5d5e19fce8cbb8872682fa6c,42.603888888889,-5.587222222222,2020-04-15 22:00:00,100,101,102,103,104,105,"""CO""","""NO2""","""O3""","""PM10""","""PM25""","""SO2""","[100,101,102,103,104,105]","[0.1,5.5,26.0,4,0,2.6]","[""CO"",""NO2"",""O3"",""PM10"",""PM25"",""SO2""]"
102,LIMA,pm25,37,15,17.5,54.8,20.4,37,0.0,0.5,23.9,https://api.waqi.info/feed/LIMA/?token=330b2f010aadba2c5d5e19fce8cbb8872682fa6c,-12.07053,-77.04317,2020-04-15 19:00:00,100,101,102,103,104,105,"""CO""","""NO2""","""O3""","""PM10""","""PM25""","""SO2""","[100,101,102,103,104,105]","[0.5,20.4,23.9,15,37,0.0]","[""CO"",""NO2"",""O3"",""PM10"",""PM25"",""SO2""]"
103,LONDON,pm25,81,34,0.0,76.6,25.7,81,7.5,4.0,16.9,https://api.waqi.info/feed/LONDON/?token=330b2f010aadba2c5d5e19fce8cbb8872682fa6c,51.5073509,-0.1277583,2020-04-15 22:00:00,100,101,102,103,104,105,"""CO""","""NO2""","""O3""","""PM10""","""PM25""","""SO2""","[100,101,102,103,104,105]","[4.0,25.7,16.9,34,81,7.5]","[""CO"",""NO2"",""O3"",""PM10"",""PM25"",""SO2""]"
104,Los Angeles,o3,42,20,0.0,28.8,3.8,38,0.0,2.6,41.6,https://api.waqi.info/feed/Los%20Angeles/?token=330b2f010aadba2c5d5e19fce8cbb8872682fa6c,34.06653,-118.22676,2020-04-15 16:00:00,100,101,102,103,104,105,"""CO""","""NO2""","""O3""","""PM10""","""PM25""","""SO2""","[100,101,102,103,104,105]","[2.6,3.8,41.6,20,38,0.0]","[""CO"",""NO2"",""O3"",""PM10"",""PM25"",""SO2""]"
105,Lucknow,pm25,181,0,20.0,69.23666666666666,7.5,181,1.0,5.8,5.9,https://api.waqi.info/feed/Lucknow/?token=330b2f010aadba2c5d5e19fce8cbb8872682fa6c,26.84578611,80.93874444,2020-04-16 05:00:00,100,101,102,103,104,105,"""CO""","""NO2""","""O3""","""PM10""","""PM25""","""SO2""","[100,101,102,103,104,105]","[5.8,7.5,5.9,0,181,1.0]","[""CO"",""NO2"",""O3"",""PM10"",""PM25"",""SO2""]"
106,Ludhiana,pm25,101,65,6.9,72.82666666666667,7.2,101,2.0,2.6,12.9,https://api.waqi.info/feed/Ludhiana/?token=330b2f010aadba2c5d5e19fce8cbb8872682fa6c,30.9019147,75.8077749,2020-04-16 05:00:00,100,101,102,103,104,105,"""CO""","""NO2""","""O3""","""PM10""","""PM25""","""SO2""","[100,101,102,103,104,105]","[2.6,7.2,12.9,65,101,2.0]","[""CO"",""NO2"",""O3"",""PM10"",""PM25"",""SO2""]"
107,Luoyang,pm25,137,84,0.0,49.1,29.8,137,9.2,13.7,15.5,https://api.waqi.info/feed/Luoyang/?token=330b2f010aadba2c5d5e19fce8cbb8872682fa6c,34.618452,112.45429,2020-04-16 08:00:00,100,101,102,103,104,105,"""CO""","""NO2""","""O3""","""PM10""","""PM25""","""SO2""","[100,101,102,103,104,105]","[13.7,29.8,15.5,84,137,9.2]","[""CO"",""NO2"",""O3"",""PM10"",""PM25"",""SO2""]"
108,MADRID,pm25,5,3,0.0,83.0,4.6,5,2.1,0.1,24.0,https://api.waqi.info/feed/MADRID/?token=330b2f010aadba2c5d5e19fce8cbb8872682fa6c,40.4167754,-3.7037902,2020-04-16 02:00:00,100,101,102,103,104,105,"""CO""","""NO2""","""O3""","""PM10""","""PM25""","""SO2""","[100,101,102,103,104,105]","[0.1,4.6,24.0,3,5,2.1]","[""CO"",""NO2"",""O3"",""PM10"",""PM25"",""SO2""]"
109,MANILA,,-,0,0.0,48.0,0.0,0,0.0,0.0,0.0,https://api.waqi.info/feed/MANILA/?token=330b2f010aadba2c5d5e19fce8cbb8872682fa6c,14.5995124,120.9842195,,100,101,102,103,104,105,"""CO""","""NO2""","""O3""","""PM10""","""PM25""","""SO2""","[100,101,102,103,104,105]","[0.0,0.0,0.0,0,0,0.0]","[""CO"",""NO2"",""O3"",""PM10"",""PM25"",""SO2""]"
110,Mashhad,co,30,12,6.0,100.0,0.0,10,0.0,30.0,0.0,https://api.waqi.info/feed/Mashhad/?token=330b2f010aadba2c5d5e19fce8cbb8872682fa6c,36.3382,59.5853,2020-04-16 03:00:00,100,101,102,103,104,105,"""CO""","""NO2""","""O3""","""PM10""","""PM25""","""SO2""","[100,101,102,103,104,105]","[30.0,0.0,0.0,12,10,0.0]","[""CO"",""NO2"",""O3"",""PM10"",""PM25"",""SO2""]"
111,Mecca,o3,46,25,-7.0,17.0,1.0,0,5.0,9.0,46.0,https://api.waqi.info/feed/Mecca/?token=330b2f010aadba2c5d5e19fce8cbb8872682fa6c,21.42463611,39.82916667,2020-04-16 01:39:00,100,101,102,103,104,105,"""CO""","""NO2""","""O3""","""PM10""","""PM25""","""SO2""","[100,101,102,103,104,105]","[9.0,1.0,46.0,25,0,5.0]","[""CO"",""NO2"",""O3"",""PM10"",""PM25"",""SO2""]"
112,Medan,pm10,26,26,27.0,84.0,0.0,0,0.0,0.0,0.0,https://api.waqi.info/feed/Medan/?token=330b2f010aadba2c5d5e19fce8cbb8872682fa6c,3.5951956,98.6722227,2020-04-02 16:00:00,100,101,102,103,104,105,"""CO""","""NO2""","""O3""","""PM10""","""PM25""","""SO2""","[100,101,102,103,104,105]","[0.0,0.0,0.0,26,0,0.0]","[""CO"",""NO2"",""O3"",""PM10"",""PM25"",""SO2""]"
113,Medellin,pm25,78,37,0.0,97.0,0.0,78,0.0,0.0,0.0,https://api.waqi.info/feed/Medellin/?token=330b2f010aadba2c5d5e19fce8cbb8872682fa6c,6.252763,-75.569404,2020-04-15 19:00:00,100,101,102,103,104,105,"""CO""","""NO2""","""O3""","""PM10""","""PM25""","""SO2""","[100,101,102,103,104,105]","[0.0,0.0,0.0,37,78,0.0]","[""CO"",""NO2"",""O3"",""PM10"",""PM25"",""SO2""]"
114,Medina,pm10,22,22,0.0,0.0,26.0,0,3.0,7.0,86.0,https://api.waqi.info/feed/Medina/?token=330b2f010aadba2c5d5e19fce8cbb8872682fa6c,24.491075,39.58805556,2019-08-27 09:00:00,100,101,102,103,104,105,"""CO""","""NO2""","""O3""","""PM10""","""PM25""","""SO2""","[100,101,102,103,104,105]","[7.0,26.0,86.0,22,0,3.0]","[""CO"",""NO2"",""O3"",""PM10"",""PM25"",""SO2""]"
115,Meerut,pm10,228,228,12.0,52.0,27.8,206,14.1,31.2,1.3,https://api.waqi.info/feed/Meerut/?token=330b2f010aadba2c5d5e19fce8cbb8872682fa6c,29.06351,77.709723,2020-04-16 05:00:00,100,101,102,103,104,105,"""CO""","""NO2""","""O3""","""PM10""","""PM25""","""SO2""","[100,101,102,103,104,105]","[31.2,27.8,1.3,228,206,14.1]","[""CO"",""NO2"",""O3"",""PM10"",""PM25"",""SO2""]"
116,Melbourne,pm25,46,11,12.3,72.0,3.8,46,1.1,0.7,14.5,https://api.waqi.info/feed/Melbourne/?token=330b2f010aadba2c5d5e19fce8cbb8872682fa6c,-37.8073959,144.97,2020-04-16 09:00:00,100,101,102,103,104,105,"""CO""","""NO2""","""O3""","""PM10""","""PM25""","""SO2""","[100,101,102,103,104,105]","[0.7,3.8,14.5,11,46,1.1]","[""CO"",""NO2"",""O3"",""PM10"",""PM25"",""SO2""]"
117,Mexicali,pm25,181,0,0.0,0.0,28.8,181,0.0,0.0,22.5,https://api.waqi.info/feed/Mexicali/?token=330b2f010aadba2c5d5e19fce8cbb8872682fa6c,32.603638888889,-115.4859444444,2019-12-14 01:00:00,100,101,102,103,104,105,"""CO""","""NO2""","""O3""","""PM10""","""PM25""","""SO2""","[100,101,102,103,104,105]","[0.0,28.8,22.5,0,181,0.0]","[""CO"",""NO2"",""O3"",""PM10"",""PM25"",""SO2""]"
118,MEXICO CITY,pm25,82,61,0.0,26.0,26.0,82,2.9,10.0,54.5,https://api.waqi.info/feed/MEXICO%20CITY/?token=330b2f010aadba2c5d5e19fce8cbb8872682fa6c,19.42461,-99.119594,2020-04-15 18:00:00,100,101,102,103,104,105,"""CO""","""NO2""","""O3""","""PM10""","""PM25""","""SO2""","[100,101,102,103,104,105]","[10.0,26.0,54.5,61,82,2.9]","[""CO"",""NO2"",""O3"",""PM10"",""PM25"",""SO2""]"
119,Milan,pm25,53,18,0.0,54.3,16.5,53,0.0,0.1,0.0,https://api.waqi.info/feed/Milan/?token=330b2f010aadba2c5d5e19fce8cbb8872682fa6c,45.470501,9.19746075,2020-04-13 23:00:00,100,101,102,103,104,105,"""CO""","""NO2""","""O3""","""PM10""","""PM25""","""SO2""","[100,101,102,103,104,105]","[0.1,16.5,0.0,18,53,0.0]","[""CO"",""NO2"",""O3"",""PM10"",""PM25"",""SO2""]"
120,Monterrey,pm25,63,21,0.0,83.0,0.0,63,13.5,1.8,19.2,https://api.waqi.info/feed/Monterrey/?token=330b2f010aadba2c5d5e19fce8cbb8872682fa6c,25.73,-100.30972222222,2020-04-15 18:00:00,100,101,102,103,104,105,"""CO""","""NO2""","""O3""","""PM10""","""PM25""","""SO2""","[100,101,102,103,104,105]","[1.8,0.0,19.2,21,63,13.5]","[""CO"",""NO2"",""O3"",""PM10"",""PM25"",""SO2""]"
121,Montreal,pm25,9,0,0.0,48.5,3.7,9,5.1,6.4,24.0,https://api.waqi.info/feed/Montreal/?token=330b2f010aadba2c5d5e19fce8cbb8872682fa6c,45.5086699,-73.5539925,2020-04-15 18:00:00,100,101,102,103,104,105,"""CO""","""NO2""","""O3""","""PM10""","""PM25""","""SO2""","[100,101,102,103,104,105]","[6.4,3.7,24.0,0,9,5.1]","[""CO"",""NO2"",""O3"",""PM10"",""PM25"",""SO2""]"
122,MOSCOW,pm25,17,7,1.0,93.0,4.6,17,0.3,2.5,13.5,https://api.waqi.info/feed/MOSCOW/?token=330b2f010aadba2c5d5e19fce8cbb8872682fa6c,55.759354,37.595584,2020-04-16 03:00:00,100,101,102,103,104,105,"""CO""","""NO2""","""O3""","""PM10""","""PM25""","""SO2""","[100,101,102,103,104,105]","[2.5,4.6,13.5,7,17,0.3]","[""CO"",""NO2"",""O3"",""PM10"",""PM25"",""SO2""]"
123,Mumbai,pm25,97,0,25.0,74.0,0.0,97,0.0,0.0,0.0,https://api.waqi.info/feed/Mumbai/?token=330b2f010aadba2c5d5e19fce8cbb8872682fa6c,19.07283,72.88261,2020-04-15 21:00:00,100,101,102,103,104,105,"""CO""","""NO2""","""O3""","""PM10""","""PM25""","""SO2""","[100,101,102,103,104,105]","[0.0,0.0,0.0,0,97,0.0]","[""CO"",""NO2"",""O3"",""PM10"",""PM25"",""SO2""]"
124,Munich,pm10,23,23,0.0,36.8,8.7,0,0.0,0.1,33.8,https://api.waqi.info/feed/Munich/?token=330b2f010aadba2c5d5e19fce8cbb8872682fa6c,48.1351253,11.5819806,2020-04-15 20:00:00,100,101,102,103,104,105,"""CO""","""NO2""","""O3""","""PM10""","""PM25""","""SO2""","[100,101,102,103,104,105]","[0.1,8.7,33.8,23,0,0.0]","[""CO"",""NO2"",""O3"",""PM10"",""PM25"",""SO2""]"
125,Nagoya,pm25,78,23,0.0,52.0,32.5,78,2.9,3.4,25.6,https://api.waqi.info/feed/Nagoya/?token=330b2f010aadba2c5d5e19fce8cbb8872682fa6c,35.1814464,136.906398,2020-04-16 08:00:00,100,101,102,103,104,105,"""CO""","""NO2""","""O3""","""PM10""","""PM25""","""SO2""","[100,101,102,103,104,105]","[3.4,32.5,25.6,23,78,2.9]","[""CO"",""NO2"",""O3"",""PM10"",""PM25"",""SO2""]"
126,Nagpur,pm25,84,30,16.0,41.769999999999996,7.9,84,0.6,2.4,16.0,https://api.waqi.info/feed/Nagpur/?token=330b2f010aadba2c5d5e19fce8cbb8872682fa6c,21.152875,79.0517531,2020-04-16 05:00:00,100,101,102,103,104,105,"""CO""","""NO2""","""O3""","""PM10""","""PM25""","""SO2""","[100,101,102,103,104,105]","[2.4,7.9,16.0,30,84,0.6]","[""CO"",""NO2"",""O3"",""PM10"",""PM25"",""SO2""]"
127,Nanchang,pm25,153,96,0.0,66.1,36.6,153,6.6,7.3,1.3,https://api.waqi.info/feed/Nanchang/?token=330b2f010aadba2c5d5e19fce8cbb8872682fa6c,28.683213,115.858121,2020-04-16 08:00:00,100,101,102,103,104,105,"""CO""","""NO2""","""O3""","""PM10""","""PM25""","""SO2""","[100,101,102,103,104,105]","[7.3,36.6,1.3,96,153,6.6]","[""CO"",""NO2"",""O3"",""PM10"",""PM25"",""SO2""]"
128,Nanjing,pm25,82,53,0.0,43.0,20.6,82,8.2,11.8,0.0,https://api.waqi.info/feed/Nanjing/?token=330b2f010aadba2c5d5e19fce8cbb8872682fa6c,32.060255,118.796877,2020-04-16 08:00:00,100,101,102,103,104,105,"""CO""","""NO2""","""O3""","""PM10""","""PM25""","""SO2""","[100,101,102,103,104,105]","[11.8,20.6,0.0,53,82,8.2]","[""CO"",""NO2"",""O3"",""PM10"",""PM25"",""SO2""]"
129,Nanning,pm25,112,46,0.0,82.0,16.5,112,4.1,6.4,23.6,https://api.waqi.info/feed/Nanning/?token=330b2f010aadba2c5d5e19fce8cbb8872682fa6c,22.817239,108.366129,2020-04-16 08:00:00,100,101,102,103,104,105,"""CO""","""NO2""","""O3""","""PM10""","""PM25""","""SO2""","[100,101,102,103,104,105]","[6.4,16.5,23.6,46,112,4.1]","[""CO"",""NO2"",""O3"",""PM10"",""PM25"",""SO2""]"
130,Napoli,pm25,41,20,-2.0,49.0,5.8,41,1.1,3.7,0.0,https://api.waqi.info/feed/Napoli/?token=330b2f010aadba2c5d5e19fce8cbb8872682fa6c,40.85361,14.27167,2020-04-15 22:00:00,100,101,102,103,104,105,"""CO""","""NO2""","""O3""","""PM10""","""PM25""","""SO2""","[100,101,102,103,104,105]","[3.7,5.8,0.0,20,41,1.1]","[""CO"",""NO2"",""O3"",""PM10"",""PM25"",""SO2""]"
131,Nashik,pm25,75,44,15.3,77.51666666666667,13.2,75,1.2,3.8,20.5,https://api.waqi.info/feed/Nashik/?token=330b2f010aadba2c5d5e19fce8cbb8872682fa6c,20.0073285,73.7762427,2020-04-16 05:00:00,100,101,102,103,104,105,"""CO""","""NO2""","""O3""","""PM10""","""PM25""","""SO2""","[100,101,102,103,104,105]","[3.8,13.2,20.5,44,75,1.2]","[""CO"",""NO2"",""O3"",""PM10"",""PM25"",""SO2""]"
132,New York,pm25,19,0,0.0,29.3,2.8,19,0.0,1.2,0.0,https://api.waqi.info/feed/New%20York/?token=330b2f010aadba2c5d5e19fce8cbb8872682fa6c,40.7127837,-74.0059413,2020-04-15 18:00:00,100,101,102,103,104,105,"""CO""","""NO2""","""O3""","""PM10""","""PM25""","""SO2""","[100,101,102,103,104,105]","[1.2,2.8,0.0,0,19,0.0]","[""CO"",""NO2"",""O3"",""PM10"",""PM25"",""SO2""]"
133,Nezahualcoyotl,pm25,93,0,5.0,24.0,4.7,93,0.0,5.6,49.6,https://api.waqi.info/feed/Nezahualcoyotl/?token=330b2f010aadba2c5d5e19fce8cbb8872682fa6c,19.34561,-99.009381,2020-04-15 18:00:00,100,101,102,103,104,105,"""CO""","""NO2""","""O3""","""PM10""","""PM25""","""SO2""","[100,101,102,103,104,105]","[5.6,4.7,49.6,0,93,0.0]","[""CO"",""NO2"",""O3"",""PM10"",""PM25"",""SO2""]"
134,Nizhny Novgorod,pm25,58,18,-1.0,100.0,4.1,58,3.2,2.6,9.6,https://api.waqi.info/feed/Nizhny%20Novgorod/?token=330b2f010aadba2c5d5e19fce8cbb8872682fa6c,56.304354,43.983103,2020-04-16 00:00:00,100,101,102,103,104,105,"""CO""","""NO2""","""O3""","""PM10""","""PM25""","""SO2""","[100,101,102,103,104,105]","[2.6,4.1,9.6,18,58,3.2]","[""CO"",""NO2"",""O3"",""PM10"",""PM25"",""SO2""]"
135,Novosibirsk,pm25,53,13,-1.0,59.865,0.0,53,0.0,0.0,0.0,https://api.waqi.info/feed/Novosibirsk/?token=330b2f010aadba2c5d5e19fce8cbb8872682fa6c,55.026021,82.907958,2020-04-16 07:00:00,100,101,102,103,104,105,"""CO""","""NO2""","""O3""","""PM10""","""PM25""","""SO2""","[100,101,102,103,104,105]","[0.0,0.0,0.0,13,53,0.0]","[""CO"",""NO2"",""O3"",""PM10"",""PM25"",""SO2""]"
136,Odessa,pm25,12,7,-2.0,99.9,0.0,12,0.0,0.0,0.0,https://api.waqi.info/feed/Odessa/?token=330b2f010aadba2c5d5e19fce8cbb8872682fa6c,46.39984,30.732417,2020-04-16 04:00:00,100,101,102,103,104,105,"""CO""","""NO2""","""O3""","""PM10""","""PM25""","""SO2""","[100,101,102,103,104,105]","[0.0,0.0,0.0,7,12,0.0]","[""CO"",""NO2"",""O3"",""PM10"",""PM25"",""SO2""]"
137,Osaka,pm25,65,25,0.0,56.0,32.5,65,7.2,0.1,8.8,https://api.waqi.info/feed/Osaka/?token=330b2f010aadba2c5d5e19fce8cbb8872682fa6c,34.6937378,135.5021651,2020-04-16 08:00:00,100,101,102,103,104,105,"""CO""","""NO2""","""O3""","""PM10""","""PM25""","""SO2""","[100,101,102,103,104,105]","[0.1,32.5,8.8,25,65,7.2]","[""CO"",""NO2"",""O3"",""PM10"",""PM25"",""SO2""]"
138,Palembang,pm10,4,4,0.0,69.1,0.0,0,0.0,0.0,0.0,https://api.waqi.info/feed/Palembang/?token=330b2f010aadba2c5d5e19fce8cbb8872682fa6c,-2.9760735,104.7754307,2020-01-21 13:00:00,100,101,102,103,104,105,"""CO""","""NO2""","""O3""","""PM10""","""PM25""","""SO2""","[100,101,102,103,104,105]","[0.0,0.0,0.0,4,0,0.0]","[""CO"",""NO2"",""O3"",""PM10"",""PM25"",""SO2""]"
139,PARIS,pm25,52,24,0.0,55.0,27.0,52,0.7,0.1,4.4,https://api.waqi.info/feed/PARIS/?token=330b2f010aadba2c5d5e19fce8cbb8872682fa6c,48.856614,2.3522219,2020-04-16 01:00:00,100,101,102,103,104,105,"""CO""","""NO2""","""O3""","""PM10""","""PM25""","""SO2""","[100,101,102,103,104,105]","[0.1,27.0,4.4,24,52,0.7]","[""CO"",""NO2"",""O3"",""PM10"",""PM25"",""SO2""]"
140,Patna,pm25,99,50,23.0,86.12666666666667,5.8,99,2.3,4.7,4.7,https://api.waqi.info/feed/Patna/?token=330b2f010aadba2c5d5e19fce8cbb8872682fa6c,25.619651,85.147382,2020-04-16 05:00:00,100,101,102,103,104,105,"""CO""","""NO2""","""O3""","""PM10""","""PM25""","""SO2""","[100,101,102,103,104,105]","[4.7,5.8,4.7,50,99,2.3]","[""CO"",""NO2"",""O3"",""PM10"",""PM25"",""SO2""]"
141,Perth,pm25,21,7,0.0,79.3,4.2,21,0.0,0.0,0.0,https://api.waqi.info/feed/Perth/?token=330b2f010aadba2c5d5e19fce8cbb8872682fa6c,56.396597,-3.4324,2020-04-15 21:00:00,100,101,102,103,104,105,"""CO""","""NO2""","""O3""","""PM10""","""PM25""","""SO2""","[100,101,102,103,104,105]","[0.0,4.2,0.0,7,21,0.0]","[""CO"",""NO2"",""O3"",""PM10"",""PM25"",""SO2""]"
142,Peshawar,pm25,9,0,16.0,88.0,0.0,9,0.0,0.0,0.0,https://api.waqi.info/feed/Peshawar/?token=330b2f010aadba2c5d5e19fce8cbb8872682fa6c,34.00585,71.53775,2020-04-16 04:00:00,100,101,102,103,104,105,"""CO""","""NO2""","""O3""","""PM10""","""PM25""","""SO2""","[100,101,102,103,104,105]","[0.0,0.0,0.0,0,9,0.0]","[""CO"",""NO2"",""O3"",""PM10"",""PM25"",""SO2""]"
143,Philadelphia,o3,35,0,0.0,33.0,3.8,35,1.5,1.2,35.2,https://api.waqi.info/feed/Philadelphia/?token=330b2f010aadba2c5d5e19fce8cbb8872682fa6c,39.934635,-75.126126,2020-04-15 19:00:00,100,101,102,103,104,105,"""CO""","""NO2""","""O3""","""PM10""","""PM25""","""SO2""","[100,101,102,103,104,105]","[1.2,3.8,35.2,0,35,1.5]","[""CO"",""NO2"",""O3"",""PM10"",""PM25"",""SO2""]"
144,PHNOM PENH,,-,0,20.0,35.0,0.0,0,0.0,0.0,0.0,https://api.waqi.info/feed/PHNOM%20PENH/?token=330b2f010aadba2c5d5e19fce8cbb8872682fa6c,11.516002,104.905362,,100,101,102,103,104,105,"""CO""","""NO2""","""O3""","""PM10""","""PM25""","""SO2""","[100,101,102,103,104,105]","[0.0,0.0,0.0,0,0,0.0]","[""CO"",""NO2"",""O3"",""PM10"",""PM25"",""SO2""]"
145,Phoenix,o3,46,12,0.0,8.0,4.7,13,0.1,3.4,45.6,https://api.waqi.info/feed/Phoenix/?token=330b2f010aadba2c5d5e19fce8cbb8872682fa6c,33.403055555556,-112.07527777778,2020-04-15 16:00:00,100,101,102,103,104,105,"""CO""","""NO2""","""O3""","""PM10""","""PM25""","""SO2""","[100,101,102,103,104,105]","[3.4,4.7,45.6,12,13,0.1]","[""CO"",""NO2"",""O3"",""PM10"",""PM25"",""SO2""]"
146,PRAGUE,pm25,65,20,0.0,51.3,21.4,65,1.8,0.0,18.3,https://api.waqi.info/feed/PRAGUE/?token=330b2f010aadba2c5d5e19fce8cbb8872682fa6c,50.094238,14.442049,2020-04-16 00:00:00,100,101,102,103,104,105,"""CO""","""NO2""","""O3""","""PM10""","""PM25""","""SO2""","[100,101,102,103,104,105]","[0.0,21.4,18.3,20,65,1.8]","[""CO"",""NO2"",""O3"",""PM10"",""PM25"",""SO2""]"
147,Puebla,pm10,52,52,0.0,44.0,6.1,0,2.9,14.2,48.9,https://api.waqi.info/feed/Puebla/?token=330b2f010aadba2c5d5e19fce8cbb8872682fa6c,18.987361111111,-98.277944444444,2020-04-15 19:00:00,100,101,102,103,104,105,"""CO""","""NO2""","""O3""","""PM10""","""PM25""","""SO2""","[100,101,102,103,104,105]","[14.2,6.1,48.9,52,0,2.9]","[""CO"",""NO2"",""O3"",""PM10"",""PM25"",""SO2""]"
148,Pune,pm25,49,48,22.4,62.0,5.0,49,0.0,46.0,36.0,https://api.waqi.info/feed/Pune/?token=330b2f010aadba2c5d5e19fce8cbb8872682fa6c,18.536428,73.805453,2020-04-16 05:00:00,100,101,102,103,104,105,"""CO""","""NO2""","""O3""","""PM10""","""PM25""","""SO2""","[100,101,102,103,104,105]","[46.0,5.0,36.0,48,49,0.0]","[""CO"",""NO2"",""O3"",""PM10"",""PM25"",""SO2""]"
149,Qingdao,pm25,109,56,0.0,41.0,10.1,109,3.1,0.1,63.0,https://api.waqi.info/feed/Qingdao/?token=330b2f010aadba2c5d5e19fce8cbb8872682fa6c,36.067082,120.38264,2020-04-16 08:00:00,100,101,102,103,104,105,"""CO""","""NO2""","""O3""","""PM10""","""PM25""","""SO2""","[100,101,102,103,104,105]","[0.1,10.1,63.0,56,109,3.1]","[""CO"",""NO2"",""O3"",""PM10"",""PM25"",""SO2""]"
150,Qiqihar,pm25,224,115,0.0,40.0,17.9,224,6.6,9.1,16.7,https://api.waqi.info/feed/Qiqihar/?token=330b2f010aadba2c5d5e19fce8cbb8872682fa6c,47.354348,123.918186,2020-04-16 08:00:00,100,101,102,103,104,105,"""CO""","""NO2""","""O3""","""PM10""","""PM25""","""SO2""","[100,101,102,103,104,105]","[9.1,17.9,16.7,115,224,6.6]","[""CO"",""NO2"",""O3"",""PM10"",""PM25"",""SO2""]"
151,QUITO,o3,29,0,12.0,78.57,0.0,19,1.1,4.7,29.3,https://api.waqi.info/feed/QUITO/?token=330b2f010aadba2c5d5e19fce8cbb8872682fa6c,-0.221393,-78.514005,2020-04-15 18:00:00,100,101,102,103,104,105,"""CO""","""NO2""","""O3""","""PM10""","""PM25""","""SO2""","[100,101,102,103,104,105]","[4.7,0.0,29.3,0,19,1.1]","[""CO"",""NO2"",""O3"",""PM10"",""PM25"",""SO2""]"
152,Rawalpindi,pm25,78,0,0.0,75.7,0.0,78,0.0,0.0,0.0,https://api.waqi.info/feed/Rawalpindi/?token=330b2f010aadba2c5d5e19fce8cbb8872682fa6c,33.7235,73.11822,2020-04-16 04:00:00,100,101,102,103,104,105,"""CO""","""NO2""","""O3""","""PM10""","""PM25""","""SO2""","[100,101,102,103,104,105]","[0.0,0.0,0.0,0,78,0.0]","[""CO"",""NO2"",""O3"",""PM10"",""PM25"",""SO2""]"
153,RIYADH,o3,67,2,16.0,77.0,2.0,0,2.0,0.0,67.0,https://api.waqi.info/feed/RIYADH/?token=330b2f010aadba2c5d5e19fce8cbb8872682fa6c,24.644942,46.722333,2020-04-16 01:39:00,100,101,102,103,104,105,"""CO""","""NO2""","""O3""","""PM10""","""PM25""","""SO2""","[100,101,102,103,104,105]","[0.0,2.0,67.0,2,0,2.0]","[""CO"",""NO2"",""O3"",""PM10"",""PM25"",""SO2""]"
154,ROME,pm25,53,20,0.0,33.6,11.9,53,0.0,0.0,21.6,https://api.waqi.info/feed/ROME/?token=330b2f010aadba2c5d5e19fce8cbb8872682fa6c,41.8932669,12.4753855,2020-04-14 23:00:00,100,101,102,103,104,105,"""CO""","""NO2""","""O3""","""PM10""","""PM25""","""SO2""","[100,101,102,103,104,105]","[0.0,11.9,21.6,20,53,0.0]","[""CO"",""NO2"",""O3"",""PM10"",""PM25"",""SO2""]"
155,Salvador,pm25,97,0,0.0,91.0,0.0,97,0.0,0.0,0.0,https://api.waqi.info/feed/Salvador/?token=330b2f010aadba2c5d5e19fce8cbb8872682fa6c,13.70630556,-89.20011667,2020-04-15 17:00:00,100,101,102,103,104,105,"""CO""","""NO2""","""O3""","""PM10""","""PM25""","""SO2""","[100,101,102,103,104,105]","[0.0,0.0,0.0,0,97,0.0]","[""CO"",""NO2"",""O3"",""PM10"",""PM25"",""SO2""]"
156,San Antonio,o3,38,0,0.0,42.0,0.0,27,0.0,0.0,38.4,https://api.waqi.info/feed/San%20Antonio/?token=330b2f010aadba2c5d5e19fce8cbb8872682fa6c,29.4072945,-98.431251,2020-04-15 17:00:00,100,101,102,103,104,105,"""CO""","""NO2""","""O3""","""PM10""","""PM25""","""SO2""","[100,101,102,103,104,105]","[0.0,0.0,38.4,0,27,0.0]","[""CO"",""NO2"",""O3"",""PM10"",""PM25"",""SO2""]"
157,San Diego,,-,0,0.0,0.0,13.0,0,0.0,4.3,0.8,https://api.waqi.info/feed/San%20Diego/?token=330b2f010aadba2c5d5e19fce8cbb8872682fa6c,32.70148,-117.14962,2020-01-26 21:00:00,100,101,102,103,104,105,"""CO""","""NO2""","""O3""","""PM10""","""PM25""","""SO2""","[100,101,102,103,104,105]","[4.3,13.0,0.8,0,0,0.0]","[""CO"",""NO2"",""O3"",""PM10"",""PM25"",""SO2""]"
158,Santa Cruz,pm25,46,17,0.0,46.5,3.8,46,0.0,1.7,35.2,https://api.waqi.info/feed/Santa%20Cruz/?token=330b2f010aadba2c5d5e19fce8cbb8872682fa6c,36.98401,-121.99097,2020-04-15 15:00:00,100,101,102,103,104,105,"""CO""","""NO2""","""O3""","""PM10""","""PM25""","""SO2""","[100,101,102,103,104,105]","[1.7,3.8,35.2,17,46,0.0]","[""CO"",""NO2"",""O3"",""PM10"",""PM25"",""SO2""]"
159,SANTIAGO,pm25,80,57,9.0,63.0,7.7,80,0.0,5.7,11.1,https://api.waqi.info/feed/SANTIAGO/?token=330b2f010aadba2c5d5e19fce8cbb8872682fa6c,-33.422301,-70.651162,2020-04-15 20:00:00,100,101,102,103,104,105,"""CO""","""NO2""","""O3""","""PM10""","""PM25""","""SO2""","[100,101,102,103,104,105]","[5.7,7.7,11.1,57,80,0.0]","[""CO"",""NO2"",""O3"",""PM10"",""PM25"",""SO2""]"
160,Sao Paulo,pm25,42,32,14.0,64.0,13.3,42,0.0,2.8,12.6,https://api.waqi.info/feed/Sao%20Paulo/?token=330b2f010aadba2c5d5e19fce8cbb8872682fa6c,-23.544845659,-46.627675592,2020-04-15 21:00:00,100,101,102,103,104,105,"""CO""","""NO2""","""O3""","""PM10""","""PM25""","""SO2""","[100,101,102,103,104,105]","[2.8,13.3,12.6,32,42,0.0]","[""CO"",""NO2"",""O3"",""PM10"",""PM25"",""SO2""]"
161,Sapporo,pm25,30,6,0.0,73.0,21.3,30,1.5,1.2,33.6,https://api.waqi.info/feed/Sapporo/?token=330b2f010aadba2c5d5e19fce8cbb8872682fa6c,43.0620958,141.3543763,2020-04-16 09:00:00,100,101,102,103,104,105,"""CO""","""NO2""","""O3""","""PM10""","""PM25""","""SO2""","[100,101,102,103,104,105]","[1.2,21.3,33.6,6,30,1.5]","[""CO"",""NO2"",""O3"",""PM10"",""PM25"",""SO2""]"
162,Sendai,pm25,13,9,0.0,58.0,4.7,13,1.5,0.1,29.6,https://api.waqi.info/feed/Sendai/?token=330b2f010aadba2c5d5e19fce8cbb8872682fa6c,38.268215,140.8693558,2020-04-16 09:00:00,100,101,102,103,104,105,"""CO""","""NO2""","""O3""","""PM10""","""PM25""","""SO2""","[100,101,102,103,104,105]","[0.1,4.7,29.6,9,13,1.5]","[""CO"",""NO2"",""O3"",""PM10"",""PM25"",""SO2""]"
163,Seongnam,pm25,99,51,0.0,59.0,41.7,99,7.2,6.7,16.0,https://api.waqi.info/feed/Seongnam/?token=330b2f010aadba2c5d5e19fce8cbb8872682fa6c,37.4449168,127.1388684,2020-04-16 09:00:00,100,101,102,103,104,105,"""CO""","""NO2""","""O3""","""PM10""","""PM25""","""SO2""","[100,101,102,103,104,105]","[6.7,41.7,16.0,51,99,7.2]","[""CO"",""NO2"",""O3"",""PM10"",""PM25"",""SO2""]"
164,Seoul,pm25,74,46,0.0,47.0,32.5,74,4.3,5.6,24.1,https://api.waqi.info/feed/Seoul/?token=330b2f010aadba2c5d5e19fce8cbb8872682fa6c,37.566535,126.9779692,2020-04-16 09:00:00,100,101,102,103,104,105,"""CO""","""NO2""","""O3""","""PM10""","""PM25""","""SO2""","[100,101,102,103,104,105]","[5.6,32.5,24.1,46,74,4.3]","[""CO"",""NO2"",""O3"",""PM10"",""PM25"",""SO2""]"
165,Shanghai,pm25,122,53,0.0,51.5,28.8,122,7.6,9.1,22.8,https://api.waqi.info/feed/Shanghai/?token=330b2f010aadba2c5d5e19fce8cbb8872682fa6c,31.2047372,121.4489017,2020-04-16 08:00:00,100,101,102,103,104,105,"""CO""","""NO2""","""O3""","""PM10""","""PM25""","""SO2""","[100,101,102,103,104,105]","[9.1,28.8,22.8,53,122,7.6]","[""CO"",""NO2"",""O3"",""PM10"",""PM25"",""SO2""]"
166,Shenyang,pm25,187,108,0.0,29.0,26.6,187,10.7,13.6,49.6,https://api.waqi.info/feed/Shenyang/?token=330b2f010aadba2c5d5e19fce8cbb8872682fa6c,41.805698,123.431475,2020-04-16 08:00:00,100,101,102,103,104,105,"""CO""","""NO2""","""O3""","""PM10""","""PM25""","""SO2""","[100,101,102,103,104,105]","[13.6,26.6,49.6,108,187,10.7]","[""CO"",""NO2"",""O3"",""PM10"",""PM25"",""SO2""]"
167,Shenzhen,pm25,160,97,0.0,78.0,33.4,160,4.6,8.2,21.2,https://api.waqi.info/feed/Shenzhen/?token=330b2f010aadba2c5d5e19fce8cbb8872682fa6c,22.543099,114.057868,2020-04-16 08:00:00,100,101,102,103,104,105,"""CO""","""NO2""","""O3""","""PM10""","""PM25""","""SO2""","[100,101,102,103,104,105]","[8.2,33.4,21.2,97,160,4.6]","[""CO"",""NO2"",""O3"",""PM10"",""PM25"",""SO2""]"
168,Shiraz,pm25,66,0,8.0,100.0,14.0,66,9.0,20.0,0.0,https://api.waqi.info/feed/Shiraz/?token=330b2f010aadba2c5d5e19fce8cbb8872682fa6c,29.6092966,52.5300873,2020-04-16 03:00:00,100,101,102,103,104,105,"""CO""","""NO2""","""O3""","""PM10""","""PM25""","""SO2""","[100,101,102,103,104,105]","[20.0,14.0,0.0,0,66,9.0]","[""CO"",""NO2"",""O3"",""PM10"",""PM25"",""SO2""]"
169,SINGAPORE,pm25,63,19,25.0,88.0,0.0,63,3.0,5.0,9.0,https://api.waqi.info/feed/SINGAPORE/?token=330b2f010aadba2c5d5e19fce8cbb8872682fa6c,1.296183,103.846181,2020-04-16 08:00:00,100,101,102,103,104,105,"""CO""","""NO2""","""O3""","""PM10""","""PM25""","""SO2""","[100,101,102,103,104,105]","[5.0,0.0,9.0,19,63,3.0]","[""CO"",""NO2"",""O3"",""PM10"",""PM25"",""SO2""]"
170,SOFIA,pm10,22,22,0.0,72.4,3.8,0,0.0,0.0,4.2,https://api.waqi.info/feed/SOFIA/?token=330b2f010aadba2c5d5e19fce8cbb8872682fa6c,42.7325,23.298611,2020-04-16 02:00:00,100,101,102,103,104,105,"""CO""","""NO2""","""O3""","""PM10""","""PM25""","""SO2""","[100,101,102,103,104,105]","[0.0,3.8,4.2,22,0,0.0]","[""CO"",""NO2"",""O3"",""PM10"",""PM25"",""SO2""]"
171,Soweto,pm25,50,22,0.0,75.0,0.0,50,1.6,0.0,11.6,https://api.waqi.info/feed/Soweto/?token=330b2f010aadba2c5d5e19fce8cbb8872682fa6c,-26.252611,27.872139,2020-04-14 10:00:00,100,101,102,103,104,105,"""CO""","""NO2""","""O3""","""PM10""","""PM25""","""SO2""","[100,101,102,103,104,105]","[0.0,0.0,11.6,22,50,1.6]","[""CO"",""NO2"",""O3"",""PM10"",""PM25"",""SO2""]"
172,St Petersburg,o3,28,5,-1.0,92.0,4.5,16,10.0,1.2,28.4,https://api.waqi.info/feed/St%20Petersburg/?token=330b2f010aadba2c5d5e19fce8cbb8872682fa6c,59.96903,30.28451,2020-04-16 03:00:00,100,101,102,103,104,105,"""CO""","""NO2""","""O3""","""PM10""","""PM25""","""SO2""","[100,101,102,103,104,105]","[1.2,4.5,28.4,5,16,10.0]","[""CO"",""NO2"",""O3"",""PM10"",""PM25"",""SO2""]"
173,STOCKHOLM,pm10,22,22,2.0,65.0,7.7,0,0.0,0.0,0.0,https://api.waqi.info/feed/STOCKHOLM/?token=330b2f010aadba2c5d5e19fce8cbb8872682fa6c,59.34082695028323,18.05825368127835,2020-04-16 01:00:00,100,101,102,103,104,105,"""CO""","""NO2""","""O3""","""PM10""","""PM25""","""SO2""","[100,101,102,103,104,105]","[0.0,7.7,0.0,22,0,0.0]","[""CO"",""NO2"",""O3"",""PM10"",""PM25"",""SO2""]"
174,Suzhou,pm25,153,63,0.0,46.0,36.2,153,4.6,2.8,0.0,https://api.waqi.info/feed/Suzhou/?token=330b2f010aadba2c5d5e19fce8cbb8872682fa6c,31.298886,120.585316,2020-04-16 08:00:00,100,101,102,103,104,105,"""CO""","""NO2""","""O3""","""PM10""","""PM25""","""SO2""","[100,101,102,103,104,105]","[2.8,36.2,0.0,63,153,4.6]","[""CO"",""NO2"",""O3"",""PM10"",""PM25"",""SO2""]"
175,Sydney,pm25,44,25,0.0,63.0,27.8,44,2.9,2.3,0.8,https://api.waqi.info/feed/Sydney/?token=330b2f010aadba2c5d5e19fce8cbb8872682fa6c,-33.872468,151.213337,2020-04-16 09:00:00,100,101,102,103,104,105,"""CO""","""NO2""","""O3""","""PM10""","""PM25""","""SO2""","[100,101,102,103,104,105]","[2.3,27.8,0.8,25,44,2.9]","[""CO"",""NO2"",""O3"",""PM10"",""PM25"",""SO2""]"
176,Tabriz,co,100,55,-2.0,52.0,44.0,59,5.0,100.0,0.0,https://api.waqi.info/feed/Tabriz/?token=330b2f010aadba2c5d5e19fce8cbb8872682fa6c,38.079304,46.288699,2020-04-16 03:00:00,100,101,102,103,104,105,"""CO""","""NO2""","""O3""","""PM10""","""PM25""","""SO2""","[100,101,102,103,104,105]","[100.0,44.0,0.0,55,59,5.0]","[""CO"",""NO2"",""O3"",""PM10"",""PM25"",""SO2""]"
177,Taichung,pm25,82,43,0.0,57.0,21.1,82,2.9,7.9,11.1,https://api.waqi.info/feed/Taichung/?token=330b2f010aadba2c5d5e19fce8cbb8872682fa6c,24.099611,120.677689,2020-04-16 08:00:00,100,101,102,103,104,105,"""CO""","""NO2""","""O3""","""PM10""","""PM25""","""SO2""","[100,101,102,103,104,105]","[7.9,21.1,11.1,43,82,2.9]","[""CO"",""NO2"",""O3"",""PM10"",""PM25"",""SO2""]"
178,TAIPEI,pm25,104,44,14.5,74.0,41.3,104,7.2,16.5,5.6,https://api.waqi.info/feed/TAIPEI/?token=330b2f010aadba2c5d5e19fce8cbb8872682fa6c,25.062361,121.526528,2020-04-16 08:00:00,100,101,102,103,104,105,"""CO""","""NO2""","""O3""","""PM10""","""PM25""","""SO2""","[100,101,102,103,104,105]","[16.5,41.3,5.6,44,104,7.2]","[""CO"",""NO2"",""O3"",""PM10"",""PM25"",""SO2""]"
179,Taiyuan,pm25,163,95,0.0,13.0,5.1,163,2.6,3.7,32.5,https://api.waqi.info/feed/Taiyuan/?token=330b2f010aadba2c5d5e19fce8cbb8872682fa6c,37.87059,112.548879,2020-04-16 08:00:00,100,101,102,103,104,105,"""CO""","""NO2""","""O3""","""PM10""","""PM25""","""SO2""","[100,101,102,103,104,105]","[3.7,5.1,32.5,95,163,2.6]","[""CO"",""NO2"",""O3"",""PM10"",""PM25"",""SO2""]"
180,Tangshan,pm25,173,94,0.0,20.8,29.8,173,8.2,0.1,16.3,https://api.waqi.info/feed/Tangshan/?token=330b2f010aadba2c5d5e19fce8cbb8872682fa6c,39.630867,118.180194,2020-04-16 08:00:00,100,101,102,103,104,105,"""CO""","""NO2""","""O3""","""PM10""","""PM25""","""SO2""","[100,101,102,103,104,105]","[0.1,29.8,16.3,94,173,8.2]","[""CO"",""NO2"",""O3"",""PM10"",""PM25"",""SO2""]"
181,TASHKENT,pm25,59,0,7.0,87.0,0.0,59,0.0,0.0,0.0,https://api.waqi.info/feed/TASHKENT/?token=330b2f010aadba2c5d5e19fce8cbb8872682fa6c,41.3672,69.2725,2020-04-16 04:00:00,100,101,102,103,104,105,"""CO""","""NO2""","""O3""","""PM10""","""PM25""","""SO2""","[100,101,102,103,104,105]","[0.0,0.0,0.0,0,59,0.0]","[""CO"",""NO2"",""O3"",""PM10"",""PM25"",""SO2""]"
182,TBILISI,,-,0,4.0,34.0,0.0,0,0.0,0.0,0.0,https://api.waqi.info/feed/TBILISI/?token=330b2f010aadba2c5d5e19fce8cbb8872682fa6c,41.7017,44.87564,,100,101,102,103,104,105,"""CO""","""NO2""","""O3""","""PM10""","""PM25""","""SO2""","[100,101,102,103,104,105]","[0.0,0.0,0.0,0,0,0.0]","[""CO"",""NO2"",""O3"",""PM10"",""PM25"",""SO2""]"
183,TEHRAN,pm25,94,0,0.0,52.0,43.0,94,18.0,39.0,0.0,https://api.waqi.info/feed/TEHRAN/?token=330b2f010aadba2c5d5e19fce8cbb8872682fa6c,35.703356,51.397764,2020-04-16 03:00:00,100,101,102,103,104,105,"""CO""","""NO2""","""O3""","""PM10""","""PM25""","""SO2""","[100,101,102,103,104,105]","[39.0,43.0,0.0,0,94,18.0]","[""CO"",""NO2"",""O3"",""PM10"",""PM25"",""SO2""]"
184,Tianjin,pm25,160,96,0.0,93.0,11.9,160,4.1,9.1,27.0,https://api.waqi.info/feed/Tianjin/?token=330b2f010aadba2c5d5e19fce8cbb8872682fa6c,39.084158,117.200983,2020-04-16 07:00:00,100,101,102,103,104,105,"""CO""","""NO2""","""O3""","""PM10""","""PM25""","""SO2""","[100,101,102,103,104,105]","[9.1,11.9,27.0,96,160,4.1]","[""CO"",""NO2"",""O3"",""PM10"",""PM25"",""SO2""]"
185,Tijuana,pm25,68,0,0.0,0.0,12.3,68,0.0,0.0,20.7,https://api.waqi.info/feed/Tijuana/?token=330b2f010aadba2c5d5e19fce8cbb8872682fa6c,32.528405555556,-116.92079444444,2019-09-23 10:00:00,100,101,102,103,104,105,"""CO""","""NO2""","""O3""","""PM10""","""PM25""","""SO2""","[100,101,102,103,104,105]","[0.0,12.3,20.7,0,68,0.0]","[""CO"",""NO2"",""O3"",""PM10"",""PM25"",""SO2""]"
186,TOKYO,pm10,22,22,0.0,76.2,35.2,1,1.5,5.6,35.2,https://api.waqi.info/feed/TOKYO/?token=330b2f010aadba2c5d5e19fce8cbb8872682fa6c,35.6414629,139.6981712,2020-04-16 08:00:00,100,101,102,103,104,105,"""CO""","""NO2""","""O3""","""PM10""","""PM25""","""SO2""","[100,101,102,103,104,105]","[5.6,35.2,35.2,22,1,1.5]","[""CO"",""NO2"",""O3"",""PM10"",""PM25"",""SO2""]"
187,Toronto,pm25,13,0,0.0,40.0,7.3,13,0.2,1.8,25.6,https://api.waqi.info/feed/Toronto/?token=330b2f010aadba2c5d5e19fce8cbb8872682fa6c,43.653226,-79.3831843,2020-04-15 20:00:00,100,101,102,103,104,105,"""CO""","""NO2""","""O3""","""PM10""","""PM25""","""SO2""","[100,101,102,103,104,105]","[1.8,7.3,25.6,0,13,0.2]","[""CO"",""NO2"",""O3"",""PM10"",""PM25"",""SO2""]"
188,TSHWANE,pm25,21,9,0.0,66.0,2.3,21,0.0,8.7,6.1,https://api.waqi.info/feed/TSHWANE/?token=330b2f010aadba2c5d5e19fce8cbb8872682fa6c,-25.740247,28.170315,2020-04-16 02:00:00,100,101,102,103,104,105,"""CO""","""NO2""","""O3""","""PM10""","""PM25""","""SO2""","[100,101,102,103,104,105]","[8.7,2.3,6.1,9,21,0.0]","[""CO"",""NO2"",""O3"",""PM10"",""PM25"",""SO2""]"
189,Ufa,pm25,36,14,1.0,48.275,0.1,36,0.1,1.7,32.2,https://api.waqi.info/feed/Ufa/?token=330b2f010aadba2c5d5e19fce8cbb8872682fa6c,55.03171,55.97249,2020-04-16 00:00:00,100,101,102,103,104,105,"""CO""","""NO2""","""O3""","""PM10""","""PM25""","""SO2""","[100,101,102,103,104,105]","[1.7,0.1,32.2,14,36,0.1]","[""CO"",""NO2"",""O3"",""PM10"",""PM25"",""SO2""]"
190,Ulsan,pm25,50,30,0.0,70.0,8.4,50,5.8,6.7,25.6,https://api.waqi.info/feed/Ulsan/?token=330b2f010aadba2c5d5e19fce8cbb8872682fa6c,35.5383773,129.3113596,2020-04-16 09:00:00,100,101,102,103,104,105,"""CO""","""NO2""","""O3""","""PM10""","""PM25""","""SO2""","[100,101,102,103,104,105]","[6.7,8.4,25.6,30,50,5.8]","[""CO"",""NO2"",""O3"",""PM10"",""PM25"",""SO2""]"
191,Urumqi,pm10,31,31,0.0,71.0,11.0,13,5.1,6.4,17.5,https://api.waqi.info/feed/Urumqi/?token=330b2f010aadba2c5d5e19fce8cbb8872682fa6c,43.825645,87.616823,2020-04-16 08:00:00,100,101,102,103,104,105,"""CO""","""NO2""","""O3""","""PM10""","""PM25""","""SO2""","[100,101,102,103,104,105]","[6.4,11.0,17.5,31,13,5.1]","[""CO"",""NO2"",""O3"",""PM10"",""PM25"",""SO2""]"
192,Valencia,pm25,46,10,0.0,85.6,1.0,46,2.1,0.1,43.5,https://api.waqi.info/feed/Valencia/?token=330b2f010aadba2c5d5e19fce8cbb8872682fa6c,39.458055555556,-0.37666666666667,2020-04-15 21:00:00,100,101,102,103,104,105,"""CO""","""NO2""","""O3""","""PM10""","""PM25""","""SO2""","[100,101,102,103,104,105]","[0.1,1.0,43.5,10,46,2.1]","[""CO"",""NO2"",""O3"",""PM10"",""PM25"",""SO2""]"
193,Varanasi,pm25,60,0,16.3,58.666666666666664,17.5,60,15.0,0.0,44.2,https://api.waqi.info/feed/Varanasi/?token=330b2f010aadba2c5d5e19fce8cbb8872682fa6c,25.35055556,82.97833333,2020-04-16 04:00:00,100,101,102,103,104,105,"""CO""","""NO2""","""O3""","""PM10""","""PM25""","""SO2""","[100,101,102,103,104,105]","[0.0,17.5,44.2,0,60,15.0]","[""CO"",""NO2"",""O3"",""PM10"",""PM25"",""SO2""]"
194,Vienna,pm25,46,15,0.0,44.0,16.5,46,0.0,0.1,0.0,https://api.waqi.info/feed/Vienna/?token=330b2f010aadba2c5d5e19fce8cbb8872682fa6c,48.2167394444444,16.3809180555556,2020-04-16 01:00:00,100,101,102,103,104,105,"""CO""","""NO2""","""O3""","""PM10""","""PM25""","""SO2""","[100,101,102,103,104,105]","[0.1,16.5,0.0,15,46,0.0]","[""CO"",""NO2"",""O3"",""PM10"",""PM25"",""SO2""]"
195,WARSAW,pm25,84,34,0.0,51.0,6.9,84,2.0,3.7,12.0,https://api.waqi.info/feed/WARSAW/?token=330b2f010aadba2c5d5e19fce8cbb8872682fa6c,52.225171,21.014783,2020-04-15 23:00:00,100,101,102,103,104,105,"""CO""","""NO2""","""O3""","""PM10""","""PM25""","""SO2""","[100,101,102,103,104,105]","[3.7,6.9,12.0,34,84,2.0]","[""CO"",""NO2"",""O3"",""PM10"",""PM25"",""SO2""]"
196,Wuhan,pm25,112,52,0.0,72.0,20.2,112,8.2,7.4,24.8,https://api.waqi.info/feed/Wuhan/?token=330b2f010aadba2c5d5e19fce8cbb8872682fa6c,30.593099,114.305393,2020-04-16 08:00:00,100,101,102,103,104,105,"""CO""","""NO2""","""O3""","""PM10""","""PM25""","""SO2""","[100,101,102,103,104,105]","[7.4,20.2,24.8,52,112,8.2]","[""CO"",""NO2"",""O3"",""PM10"",""PM25"",""SO2""]"
197,Wuxi,pm25,156,78,0.0,89.9,45.7,156,7.6,8.2,16.0,https://api.waqi.info/feed/Wuxi/?token=330b2f010aadba2c5d5e19fce8cbb8872682fa6c,31.490637,120.311143,2020-04-16 08:00:00,100,101,102,103,104,105,"""CO""","""NO2""","""O3""","""PM10""","""PM25""","""SO2""","[100,101,102,103,104,105]","[8.2,45.7,16.0,78,156,7.6]","[""CO"",""NO2"",""O3"",""PM10"",""PM25"",""SO2""]"
198,Xian,,-,0,0.0,65.0,0.0,0,0.0,0.0,0.0,https://api.waqi.info/feed/Xian/?token=330b2f010aadba2c5d5e19fce8cbb8872682fa6c,34.341568,108.940175,,100,101,102,103,104,105,"""CO""","""NO2""","""O3""","""PM10""","""PM25""","""SO2""","[100,101,102,103,104,105]","[0.0,0.0,0.0,0,0,0.0]","[""CO"",""NO2"",""O3"",""PM10"",""PM25"",""SO2""]"
199,Xuzhou,pm25,153,68,0.0,26.5,17.0,153,5.6,9.1,0.0,https://api.waqi.info/feed/Xuzhou/?token=330b2f010aadba2c5d5e19fce8cbb8872682fa6c,34.20475,117.284072,2020-04-16 08:00:00,100,101,102,103,104,105,"""CO""","""NO2""","""O3""","""PM10""","""PM25""","""SO2""","[100,101,102,103,104,105]","[9.1,17.0,0.0,68,153,5.6]","[""CO"",""NO2"",""O3"",""PM10"",""PM25"",""SO2""]"
200,Yangon,o3,1,0,23.0,88.0,0.0,93,0.0,0.0,0.9,https://api.waqi.info/feed/Yangon/?token=330b2f010aadba2c5d5e19fce8cbb8872682fa6c,16.8256,96.1445,2020-04-16 06:00:00,100,101,102,103,104,105,"""CO""","""NO2""","""O3""","""PM10""","""PM25""","""SO2""","[100,101,102,103,104,105]","[0.0,0.0,0.9,0,93,0.0]","[""CO"",""NO2"",""O3"",""PM10"",""PM25"",""SO2""]"
201,Yokohama,pm25,50,19,0.0,72.9,9.3,50,1.5,2.3,21.6,https://api.waqi.info/feed/Yokohama/?token=330b2f010aadba2c5d5e19fce8cbb8872682fa6c,35.4437078,139.6380256,2020-04-16 07:00:00,100,101,102,103,104,105,"""CO""","""NO2""","""O3""","""PM10""","""PM25""","""SO2""","[100,101,102,103,104,105]","[2.3,9.3,21.6,19,50,1.5]","[""CO"",""NO2"",""O3"",""PM10"",""PM25"",""SO2""]"
202,Zapopan,o3,36,27,0.0,10.0,7.3,0,0.0,2.2,35.8,https://api.waqi.info/feed/Zapopan/?token=330b2f010aadba2c5d5e19fce8cbb8872682fa6c,20.680450840176,-103.39873310432,2020-04-15 19:00:00,100,101,102,103,104,105,"""CO""","""NO2""","""O3""","""PM10""","""PM25""","""SO2""","[100,101,102,103,104,105]","[2.2,7.3,35.8,27,0,0.0]","[""CO"",""NO2"",""O3"",""PM10"",""PM25"",""SO2""]"
203,Zhengzhou,pm25,109,91,0.0,37.0,22.9,109,7.6,5.5,15.9,https://api.waqi.info/feed/Zhengzhou/?token=330b2f010aadba2c5d5e19fce8cbb8872682fa6c,34.7466,113.625368,2020-04-16 08:00:00,100,101,102,103,104,105,"""CO""","""NO2""","""O3""","""PM10""","""PM25""","""SO2""","[100,101,102,103,104,105]","[5.5,22.9,15.9,91,109,7.6]","[""CO"",""NO2"",""O3"",""PM10"",""PM25"",""SO2""]"
204,Zibo,pm25,144,74,0.0,79.5,8.7,144,7.1,0.1,56.5,https://api.waqi.info/feed/Zibo/?token=330b2f010aadba2c5d5e19fce8cbb8872682fa6c,36.813094,118.054868,2020-04-16 07:00:00,100,101,102,103,104,105,"""CO""","""NO2""","""O3""","""PM10""","""PM25""","""SO2""","[100,101,102,103,104,105]","[0.1,8.7,56.5,74,144,7.1]","[""CO"",""NO2"",""O3"",""PM10"",""PM25"",""SO2""]"
